고용노동부(A001),36,432,0,64,11435,0,9,3192,515,1,5109,0,54,58217,24261,25,17327,1837,0,0,0,0,0,0,0,0,0
국방부(A007),1,72,0,147,17927,43,8,180,60,0,0,0,47,7706,35,0,0,0,0,0,0,0,0,0,0,0,0
국토교통부(A009),3,174,174,14,396,0,0,0,0,0,0,0,4,232,0,1,110,0,0,0,0,0,0,0,0,0,0
대검찰청(A010),16,346,0,1908,196978,0,0,0,0,0,0,0,0,0,0,0,0,0,0,0,0,0,0,0,0,0,0
기획재정부(A011),52,78704,1171,41,97178,46,17,538,0,0,0,0,5,928,107,1,370,2,0,0,0,0,0,0,0,0,0
농림축산식품부(A013),5,35250,0,196,358754,20,0,0,0,0,0,0,1,8811,0,0,0,0,0,0,0,0,0,0,0,0,0
법무부(A017),3,24,0,69,477,15,3,30,0,0,0,0,6,43,0,1,52840,52840,0,0,0,0,0,0,0,0,0
보건복지부(A019),0,0,0,0,0,0,0,0,0,0,0,0,1,17,17,0,0,0,0,0,0,0,0,0,0,0,0
산업통상자원부(A020),0,0,0,13,282,0,0,0,0,0,0,0,2,74,0,0,0,0,0,0,0,0,0,0,0,0,0
해양수산부(A024),21,3327296,0,44,2845758,23190,4,25718,0,5,15455,0,62,2895806,54,6,2147729,861933,0,0,0,0,0,0,0,0,0
행정안전부(A025),0,0,0,24,3549,1545,1,19,0,0,0,0,1,13,0,1,554,2,0,0,0,0,0,0,0,0,0
환경부(A026),0,0,0,4,116621,13,0,0,0,1,115595,2,14,117604,2,0,0,0,0,0,0,0,0,0,0,0,0
국가보훈처(A027),0,0,0,92,6670,0,0,0,0,3,3447,0,29,5973,0,1,458,0,0,0,0,0,0,0,0,0,0
경찰청(A029),1,5,0,286,2013,4,0,0,0,0,0,0,7,39,0,0,0,0,0,0,0,0,0,0,0,0,0
관세청(A030),0,0,0,8,64,0,0,0,0,0,0,0,1,8,0,0,0,0,0,0,0,0,0,0,0,0,0
국세청(A031),4,112,0,9,67786,0,1,38,0,0,0,0,1,38,0,0,0,0,0,0,0,0,0,0,0,0,0
문화재청(A034),19,279,80,53,7713,17,0,0,0,0,0,0,22,775323,1222,3,1765,0,0,0,0,0,0,0,0,0,0
방위사업청(A035),12,84,0,9,75,0,0,0,0,0,0,0,3,111,0,0,0,0,0,0,0,0,0,0,0,0,0
병무청(A036),0,0,0,41,990,0,1,10,0,0,0,0,3,30,0,0,0,0,0,0,0,0,0,0,0,0,0
산림청(A037),1,17,17,52,90259,253,0,0,0,0,0,0,12,90045,11,2,4325,392,0,0,0,0,0,0,0,0,0
소방청(A039),1,18,0,109,1825,0,0,0,0,0,0,0,4,50,0,0,0,0,0,0,0,0,0,0,0,0,0
통계청(A041),1,579,0,14,10582,1,0,0,0,24,46937,0,24,422480,410785,0,0,0,0,0,0,0,0,0,0,0,0
특허청(A042),0,0,0,1,973,0,0,0,0,0,0,0,1,973,973,0,0,0,0,0,0,0,0,0,0,0,0
해양경찰청(A043),6,1391,0,296,5650,8,0,0,0,0,0,0,38,9647,232,3,659,0,0,0,0,0,0,0,0,0,0
행정중심복합도시건설청(A044),2,45,22,65,767,349,7,102,0,0,0,0,12,159,72,0,0,0,0,0,0,0,0,0,0,0,0
국민권익위원회(A045),1,13,0,76,1143,0,0,0,0,0,0,0,7,82,0,0,0,0,0,0,0,0,0,0,0,0,0
방송통신위원회(A046),0,0,0,1,2620,0,0,0,0,0,0,0,2,5240,0,0,0,0,0,0,0,0,0,0,0,0,0
원자력안전위원회(A047),6,20,12,103,1671,644,10,14,8,0,0,0,13,304,234,0,0,0,0,0,0,0,0,0,0,0,0
외교부(A049),0,0,0,1,226,0,0,0,0,0,0,0,1,13,0,0,0,0,0,0,0,0,0,0,0,0,0
강원도(B001),127,25087,130,179,60110,234,1,57,0,0,0,0,19,8611,4370,16,27065,30,0,0,0,0,0,0,0,0,0
경상남도(B003),3,53,53,309,87075,135,0,0,0,12,1767,0,41,326389,103995,27,1914,478,0,0,0,0,0,0,0,0,0
경상북도(B004),9,194,55,271,126047,2380,1,158,0,2,24971,0,58,5718,63,50,4735,651,0,0,0,0,0,0,0,0,0
광주광역시(B005),0,0,0,101,3547,8,0,0,0,2,34,0,38,20304,284,6,741,5,0,0,0,0,0,0,0,0,0
대구광역시(B006),22,2691,121,67,12014,97,10,146,3,0,0,0,15,543448,294991,5,1313,0,0,0,0,0,0,0,0,0,0
대전광역시(B007),29,3280,1133,224,81953,1554,8,1328,117,20,17476,3,40,7394,990,72,10230,105,0,0,0,0,0,0,0,0,0
부산광역시(B008),0,0,0,8,488,0,0,0,0,0,0,0,16,55720,0,0,0,0,0,0,0,0,0,0,0,0,0
서울특별시(B009),0,0,0,0,0,0,0,0,0,0,0,0,1,20,20,0,0,0,0,0,0,0,0,0,0,0,0
세종특별자치시(B010),0,0,0,0,0,0,0,0,0,0,0,0,0,0,0,0,0,0,0,0,0,0,0,0,0,0,0
울산광역시(B011),3,819,191,9,534460,28,0,0,0,0,0,0,6,284463,17587,6,1091,4,0,0,0,0,0,0,0,0,0
인천광역시(B012),46,421495,0,220,1993352,137,3,30,0,4,2374,0,30,1247947,8222,9,7345,0,0,0,0,0,0,0,0,0,0
전라남도(B013),18,1077,343,169,9003,612,0,0,0,1,58,0,56,20218,2586,33,6311,10,0,0,0,0,0,0,0,0,0
전라북도(B014),3,55769,0,87,753,4,3,27881,0,1,27897,0,13,97,0,2,55794,0,0,0,0,0,0,0,0,0,0
제주특별자치도(B015),5,70,0,24,200,0,0,0,0,0,0,0,24,5442,0,1,43,0,0,0,0,0,0,0,0,0,0
충청북도(B017),14,1343,349,114,26613,1231,0,0,0,2,570,1,53,13250,41,39,22157,1626,0,0,0,0,0,0,0,0,0
강원도 강릉시(C001),3,336,0,63,6391,8,0,0,0,0,0,0,7,319,0,3,191,0,0,0,0,0,0,0,0,0,0
강원도 고성군(C002),0,0,0,7,35,0,0,0,0,0,0,0,1,5,0,0,0,0,0,0,0,0,0,0,0,0,0
강원도 동해시(C003),0,0,0,10,340,0,0,0,0,0,0,0,2,76,0,1,42,0,0,0,0,0,0,0,0,0,0
강원도 삼척시(C004),2,10788,10786,86,46895,10,0,0,0,1,5,0,13,3424,15,4,95,0,0,0,0,0,0,0,0,0,0
강원도 속초시(C005),0,0,0,4,8,4,0,0,0,0,0,0,0,0,0,0,0,0,0,0,0,0,0,0,0,0,0
강원도 양양군(C007),0,0,0,4,12,0,0,0,0,0,0,0,1,3,0,0,0,0,0,0,0,0,0,0,0,0,0
강원도 영월군(C008),0,0,0,1,6,2,0,0,0,0,0,0,0,0,0,0,0,0,0,0,0,0,0,0,0,0,0
강원도 원주시(C009),0,0,0,21,975,0,0,0,0,0,0,0,8,1721,9,6,852,4,0,0,0,0,0,0,0,0,0
강원도 인제군(C010),0,0,0,3,49,42,0,0,0,2,14,0,11,348,0,3,100,0,0,0,0,0,0,0,0,0,0
강원도 정선군(C011),1,27,5,5,63,0,0,0,0,1,17,0,10,112,0,3,27,0,0,0,0,0,0,0,0,0,0
강원도 춘천시(C013),0,0,0,13,445,0,0,0,0,1,25,0,4,99,0,1,25,0,0,0,0,0,0,0,0,0,0
강원도 태백시(C014),0,0,0,1,5,0,0,0,0,0,0,0,2,10,2,0,0,0,0,0,0,0,0,0,0,0,0
강원도 평창군(C015),0,0,0,1,2,0,0,0,0,1,2,0,9,324169,0,3,162149,0,0,0,0,0,0,0,0,0,0
강원도 화천군(C017),0,0,0,12,60,0,0,0,0,0,0,0,0,0,0,0,0,0,0,0,0,0,0,0,0,0,0
강원도 횡성군(C018),8,1655,902,13,109,4,0,0,0,1,19,0,10,1410,0,13,352,22,0,0,0,0,0,0,0,0,0
경기도 가평군(C019),13,26014,0,102,88545,1258,0,0,0,6,412,0,27,55791,540,14,1627,77,0,0,0,0,0,0,0,0,0
경기도 고양시(C020),1,13662,13662,2,26790,0,0,0,0,0,0,0,4,40584,534,3,26922,0,0,0,0,0,0,0,0,0,0
경기도 과천시(C021),2,1595,1556,5,1727,37,0,0,0,0,0,0,7,2494520,1128727,4,50,0,0,0,0,0,0,0,0,0,0
경기도 구리시(C024),21,434088,281946,27,686,3,0,0,0,0,0,0,30,2205316,53217,1,19,1,0,0,0,0,0,0,0,0,0
경기도 군포시(C025),1,5,0,26,25052,2,0,0,0,3,2788,0,17,4628,0,6,545,0,0,0,0,0,0,0,0,0,0
경기도 남양주시(C027),0,0,0,1,4,0,0,0,0,0,0,0,5,55926,0,2,426,14,0,0,0,0,0,0,0,0,0
경기도 동두천시(C028),0,0,0,37,2516,0,1,68,0,0,0,0,1,68,0,0,0,0,0,0,0,0,0,0,0,0,0
경기도 부천시(C029),0,0,0,17,136,1,2,10,0,0,0,0,5,52,0,4,186,0,0,0,0,0,0,0,0,0,0
경기도 성남시(C030),4,1000,0,11,801,0,1,36,0,1,122,0,7,2937,250,2,701,552,0,0,0,0,0,0,0,0,0
경기도 수원시(C031),0,0,0,6,24,0,1,96,0,0,0,0,10,7050,0,1,13,0,0,0,0,0,0,0,0,0,0
경기도 시흥시(C032),5,155,0,8,678,0,0,0,0,0,0,0,5,272,0,0,0,0,0,0,0,0,0,0,0,0,0
경기도 안산시(C033),10,143379,0,103,590480,0,0,0,0,5,145079,149,126,2141268,252059,18,6610,1,0,0,0,0,0,0,0,0,0
경기도 안양시(C035),0,0,0,0,0,0,0,0,0,0,0,0,0,0,0,1,4474,42,0,0,0,0,0,0,0,0,0
경기도 양주시(C036),6,14249,0,38,23314,38,1,46,0,1,45,0,27,37145,75,4,124,0,0,0,0,0,0,0,0,0,0
경기도 여주시(C038),1,213,213,33,18709,72,0,0,0,0,0,0,46,25137,2,20,3732,128,0,0,0,0,0,0,0,0,0
경기도 오산시(C040),2,5770,0,0,0,0,0,0,0,1,2885,0,4,10103,3645,0,0,0,0,0,0,0,0,0,0,0,0
경기도 의왕시(C042),5,112,19,45,895,19,0,0,0,2,244,0,35,744,184,17,510,0,0,0,0,0,0,0,0,0,0
경기도 의정부시(C043),1,22226,0,0,0,0,0,0,0,0,0,0,1,22226,0,0,0,0,0,0,0,0,0,0,0,0,0
경기도 이천시(C044),1,3934,0,37,2432989,1637,0,0,0,2,1898,0,37,1703050,415052,16,5944,114,0,0,0,0,0,0,0,0,0
경기도 평택시(C046),0,0,0,2,1488,0,0,0,0,0,0,0,1,1000,0,1,44,0,0,0,0,0,0,0,0,0,0
경기도 포천시(C047),2,120,120,41,47334,51,0,0,0,0,0,0,23,50466,6468,16,48700,153,0,0,0,0,0,0,0,0,0
경기도 화성시(C049),0,0,0,1,9,0,0,0,0,0,0,0,3,1328,0,2,262,22,0,0,0,0,0,0,0,0,0
경상남도 거제시(C050),0,0,0,152,20505,0,1,1,0,0,0,0,27,131330,4610,7,369,0,0,0,0,0,0,0,0,0,0
경상남도 김해시(C053),3,9,0,3,9,0,0,0,0,0,0,0,2,6,0,1,26,0,0,0,0,0,0,0,0,0,0
경상남도 남해군(C054),1,31,0,14,7982,0,0,0,0,0,0,0,10,13390,130,9,6578,235,0,0,0,0,0,0,0,0,0
경상남도 밀양시(C055),0,0,0,1,79,79,0,0,0,0,0,0,2,158,61,0,0,0,0,0,0,0,0,0,0,0,0
경상남도 산청군(C057),1,3,3,7,30,7,0,0,0,1,3,0,8,944,0,2,6,0,0,0,0,0,0,0,0,0,0
경상남도 양산시(C058),0,0,0,187,2210,18,0,0,0,3,512,0,17,1369,3,9,1177,4,0,0,0,0,0,0,0,0,0
경상남도 의령군(C059),0,0,0,30,1266,15,0,0,0,0,0,0,32,2065,0,20,587,0,0,0,0,0,0,0,0,0,0
경상남도 진주시(C060),1,175,0,2,350,0,0,0,0,0,0,0,3,2261,0,0,0,0,0,0,0,0,0,0,0,0,0
경상남도 창원시(C062),2,2325,198,19,15149,0,0,0,0,1,0,0,16,16809,703,7,16996,116,0,0,0,0,0,0,0,0,0
경상남도 하동군(C064),4,99,22,4,80,16,0,0,0,0,0,0,1,80,0,4,78,1,0,0,0,0,0,0,0,0,0
경상남도 함양군(C066),1,10,0,3,12,0,0,0,0,3,30,0,13,76,0,3,12,0,0,0,0,0,0,0,0,0,0
경상남도 합천군(C067),20,90996,0,29,91767,0,3,250,0,7,645,0,21,181588,0,5,252,0,0,0,0,0,0,0,0,0,0
경상북도 경산시(C068),3,531,0,8,1905,256,0,0,0,0,0,0,11,1436,516,2,281,0,0,0,0,0,0,0,0,0,0
경상북도 경주시(C069),0,0,0,3,261,0,0,0,0,1,123,0,5,419,419,2,695,2,0,0,0,0,0,0,0,0,0
경상북도 구미시(C071),16,2107334,1796,82,1561431,6884,0,0,0,3,73254,0,35,1738478,370148,9,84203,7,0,0,0,0,0,0,0,0,0
경상북도 군위군(C072),0,0,0,1,42,0,0,0,0,0,0,0,0,0,0,3,99,0,0,0,0,0,0,0,0,0,0
경상북도 김천시(C073),0,0,0,8,496,0,0,0,0,3,246,0,14,253,4,1,1,0,0,0,0,0,0,0,0,0,0
경상북도 문경시(C074),0,0,0,0,0,0,0,0,0,0,0,0,0,0,0,1,51,9,0,0,0,0,0,0,0,0,0
경상북도 안동시(C078),1,340192,0,2,340618,0,0,0,0,0,0,0,12,685350,259588,7,1120,556,0,0,0,0,0,0,0,0,0
경상북도 영덕군(C079),0,0,0,13,140,0,0,0,0,0,0,0,4,346,0,4,311,2,0,0,0,0,0,0,0,0,0
경상북도 영양군(C080),1,3319,0,4,122,0,0,0,0,0,0,0,14,7285,0,9,367,6,0,0,0,0,0,0,0,0,0
경상북도 영천시(C082),0,0,0,0,0,0,0,0,0,0,0,0,0,0,0,1,2,0,0,0,0,0,0,0,0,0,0
경상북도 울진군(C085),2,1037,967,99,10230,146,1,10,10,4,41,0,45,13857,432,12,1212,9,0,0,0,0,0,0,0,0,0
경상북도 의성군(C086),0,0,0,0,0,0,0,0,0,0,0,0,1,44,0,1,39,0,0,0,0,0,0,0,0,0,0
경상북도 포항시(C090),4,116,0,51,3522,0,0,0,0,0,0,0,18,1870,200,7,362,0,0,0,0,0,0,0,0,0,0
광주광역시 광산구(C091),1,6,0,24,3650,0,0,0,0,10,2011,0,21,6600,0,0,0,0,0,0,0,0,0,0,0,0,0
광주광역시 남구(C092),2,8,0,21,250,156,0,0,0,7,28,0,3,65,0,1,49,0,0,0,0,0,0,0,0,0,0
광주광역시 동구(C093),0,0,0,0,0,0,0,0,0,0,0,0,10,5345,6,3,219,1,0,0,0,0,0,0,0,0,0
광주광역시 북구(C094),1,13,13,17,61248,63,0,0,0,0,0,0,19,187430,25368,5,388,2,0,0,0,0,0,0,0,0,0
광주광역시 서구(C095),16,459848,30580,19,2685,54,0,0,0,0,0,0,18,313654,20391,3,543,0,0,0,0,0,0,0,0,0,0
대구광역시 남구(C096),1,33,0,8,210,0,0,0,0,0,0,0,6,162,66,1,6,0,0,0,0,0,0,0,0,0,0
대구광역시 달서구(C097),0,0,0,0,0,0,0,0,0,0,0,0,1,10,0,0,0,0,0,0,0,0,0,0,0,0,0
대구광역시 달성군(C098),0,0,0,1,821,0,0,0,0,0,0,0,2,1642,0,0,0,0,0,0,0,0,0,0,0,0,0
대구광역시 서구(C101),0,0,0,40,845,43,0,0,0,1,26,0,26,2043,20,16,2376,12,0,0,0,0,0,0,0,0,0
대구광역시 수성구(C102),2,7999,0,16,28899,0,0,0,0,2,7914,0,18,60612,6202,23,35907,7378,0,0,0,0,0,0,0,0,0
대전광역시 대덕구(C104),0,0,0,0,0,0,0,0,0,0,0,0,2,322,0,2,317,0,0,0,0,0,0,0,0,0,0
대전광역시 동구(C105),0,0,0,3,66,0,0,0,0,0,0,0,2,146,0,2,563,84,0,0,0,0,0,0,0,0,0
대전광역시 서구(C106),7,231677,0,16,232864,8,0,0,0,1,5,0,20,793254,211,10,3235,964,0,0,0,0,0,0,0,0,0
대전광역시 유성구(C107),1,1093,1,4,64,0,0,0,0,0,0,0,20,2479,24,1,3,0,0,0,0,0,0,0,0,0,0
대전광역시 중구(C108),0,0,0,0,0,0,0,0,0,0,0,0,1,33909,0,0,0,0,0,0,0,0,0,0,0,0,0
부산광역시 강서구(C109),0,0,0,12,4427,0,1,8,0,0,0,0,0,0,0,0,0,0,0,0,0,0,0,0,0,0,0
부산광역시 기장군(C111),0,0,0,1,5,0,0,0,0,1,232,0,10,4302,25,1,6,0,0,0,0,0,0,0,0,0,0
부산광역시 남구(C112),2,142,0,53,3869,54,1,17,0,2,299,0,15,987,0,9,1271,63,0,0,0,0,0,0,0,0,0
부산광역시 동구(C113),0,0,0,9,108,0,0,0,0,0,0,0,1,82,0,1,10,0,0,0,0,0,0,0,0,0,0
부산광역시 동래구(C114),20,783,75,11,664,66,3,267,0,2,291,0,9,624,0,0,0,0,0,0,0,0,0,0,0,0,0
부산광역시 북구(C116),3,6,0,22,235,0,0,0,0,0,0,0,11,163,0,7,117,1,0,0,0,0,0,0,0,0,0
부산광역시 사하구(C118),0,0,0,0,0,0,0,0,0,0,0,0,2,12,0,1,6,0,0,0,0,0,0,0,0,0,0
부산광역시 서구(C119),5,16397,5508,2,106,0,0,0,0,3,288,0,23,20010,294,4,141,1,0,0,0,0,0,0,0,0,0
부산광역시 수영구(C120),0,0,0,10,568,0,0,0,0,0,0,0,2,298726,3033,0,0,0,0,0,0,0,0,0,0,0,0
부산광역시 연제구(C121),3,26330,0,38,2773,80,2,328,4,4,8,0,19,2011,0,8,398,1,0,0,0,0,0,0,0,0,0
부산광역시 영도구(C122),0,0,0,14,160,0,0,0,0,0,0,0,2,69,0,2,81,81,0,0,0,0,0,0,0,0,0
부산광역시 해운대구(C124),2,28,27,2,338,1,0,0,0,0,0,0,0,0,0,3,275,255,0,0,0,0,0,0,0,0,0
서울특별시 강남구(C125),0,0,0,0,0,0,0,0,0,0,0,0,4,732,0,2,366,0,0,0,0,0,0,0,0,0,0
서울특별시 강동구(C126),0,0,0,6,6,0,0,0,0,0,0,0,4,6,0,2,3,0,0,0,0,0,0,0,0,0,0
서울특별시 강북구(C127),2,18,18,0,0,0,0,0,0,0,0,0,1,9,9,0,0,0,0,0,0,0,0,0,0,0,0
서울특별시 강서구(C128),0,0,0,7,343301,56924,0,0,0,0,0,0,2,98086,69482,1,287,0,0,0,0,0,0,0,0,0,0
서울특별시 관악구(C129),0,0,0,0,0,0,0,0,0,0,0,0,2,301,0,2,267,189,0,0,0,0,0,0,0,0,0
서울특별시 구로구(C131),0,0,0,16,1859,190,0,0,0,7,2975,0,11,2698,489,1,282,0,0,0,0,0,0,0,0,0,0
서울특별시 금천구(C132),1,20,13,14,2077,8,0,0,0,1,85,0,47,8557,2,19,1347,6,0,0,0,0,0,0,0,0,0
서울특별시 노원구(C133),0,0,0,5,543,0,0,0,0,0,0,0,15,687,60,9,327,4,0,0,0,0,0,0,0,0,0
서울특별시 동대문구(C135),2,20,0,20,12746,790,0,0,0,1,27,0,17,18820,32,9,7281,24,0,0,0,0,0,0,0,0,0
서울특별시 동작구(C136),3,31,27,1,27,0,0,0,0,2,4,0,4,388,18,5,101,1,0,0,0,0,0,0,0,0,0
서울특별시 서대문구(C138),0,0,0,9,202,95,0,0,0,2,200,0,2,200,7,1,99,25,0,0,0,0,0,0,0,0,0
서울특별시 서초구(C139),1,445205,0,0,0,0,0,0,0,0,0,0,1,445205,78729,0,0,0,0,0,0,0,0,0,0,0,0
서울특별시 성동구(C140),2,4,0,4,106,8,0,0,0,0,0,0,6,12,0,2,102,0,0,0,0,0,0,0,0,0,0
서울특별시 성북구(C141),0,0,0,6,179,6,0,0,0,2,26,0,9,229,0,2,141,0,0,0,0,0,0,0,0,0,0
서울특별시 양천구(C143),1,11,11,2,85,1,0,0,0,0,0,0,8,176,0,2,16,0,0,0,0,0,0,0,0,0,0
서울특별시 영등포구(C144),3,243,100,23,663,42,0,0,0,0,0,0,17,2220,3,4,1718,4,0,0,0,0,0,0,0,0,0
서울특별시 용산구(C145),1,7,0,13,267,119,0,0,0,0,0,0,6,190,0,9,1941,43,0,0,0,0,0,0,0,0,0
서울특별시 중구(C148),0,0,0,1,9,0,0,0,0,2,18,0,7,63,0,1,9,0,0,0,0,0,0,0,0,0,0
서울특별시 중랑구(C149),0,0,0,2,24,0,0,0,0,0,0,0,2,24,0,2,112,0,0,0,0,0,0,0,0,0,0
울산광역시 남구(C150),0,0,0,10,378,0,1,14,0,0,0,0,11,1470,51,0,0,0,0,0,0,0,0,0,0,0,0
울산광역시 동구(C151),0,0,0,6,536,0,0,0,0,0,0,0,18,371,25,11,543,21,0,0,0,0,0,0,0,0,0
울산광역시 북구(C152),2,177,8,4,36219,0,0,0,0,5,35989,0,12,63391,25432,2,11,0,0,0,0,0,0,0,0,0,0
울산광역시 울주군(C153),0,0,0,1,1194,0,0,0,0,0,0,0,0,0,0,1,1165,2,0,0,0,0,0,0,0,0,0
울산광역시 중구(C154),7,22781,27,39,168199,495,0,0,0,7,101701,0,39,85704,16905,6,86,0,0,0,0,0,0,0,0,0,0
인천광역시 남동구(C157),47,25525,1737,142,93688,81,2,100,0,7,566,0,322,280709,1781,120,77408,196,0,0,0,0,0,0,0,0,0
인천광역시 동구(C158),0,0,0,2,98,0,0,0,0,1,49,0,1,49,0,1,49,0,0,0,0,0,0,0,0,0,0
인천광역시 미추홀구(C159),4,109,0,65,10003,313,1,47,0,9,202,0,32,1170,0,80,2663,27,0,0,0,0,0,0,0,0,0
인천광역시 부평구(C160),8,112,0,29,2361,0,0,0,0,0,0,0,12,2732,0,33,2490,0,0,0,0,0,0,0,0,0,0
인천광역시 서구(C161),29,13312,0,340,49398,3,9,268,0,8,5744,0,398,216425,173,227,58242,44,0,0,0,0,0,0,0,0,0
인천광역시 연수구(C162),7,696,211,166,3981,391,3,27,9,6,114,0,34,1159,187,40,2935,921,0,0,0,0,0,0,0,0,0
인천광역시 중구(C164),13,372824,0,157,130540,61,11,110,0,15,111324,0,77,476849,2,41,1758,3,0,0,0,0,0,0,0,0,0
전라남도 강진군(C165),0,0,0,55,1320,0,0,0,0,0,0,0,3,129,0,1,24,0,0,0,0,0,0,0,0,0,0
전라남도 고흥군(C166),9,31,3,240,5539,23,0,0,0,31,1390,1,173,3828,355,107,2565,1453,0,0,0,0,0,0,0,0,0
전라남도 곡성군(C167),1,293,0,1,1,0,1,293,0,2,2,0,5,589,0,1,1,0,0,0,0,0,0,0,0,0,0
전라남도 광양시(C168),3,159,0,42,1700,202,1,12,0,2,18,0,13,1824,0,11,1145,0,0,0,0,0,0,0,0,0,0
전라남도 목포시(C172),0,0,0,10,450,6,1,6,0,2,2,0,9,420,2,5,378,6,0,0,0,0,0,0,0,0,0
전라남도 무안군(C173),1,8,0,11,1603,0,5,320,0,0,0,0,7,161,0,2,38,0,0,0,0,0,0,0,0,0,0
전라남도 보성군(C174),0,0,0,5,1115,0,0,0,0,0,0,0,1,27,0,3,73,0,0,0,0,0,0,0,0,0,0
전라남도 순천시(C175),0,0,0,27,1903,1,0,0,0,0,0,0,8,22065,53,9,1494,0,0,0,0,0,0,0,0,0,0
전라남도 신안군(C176),1,11379,0,12,28126,3,0,0,0,0,0,0,6,23874,0,2,592,117,0,0,0,0,0,0,0,0,0
전라남도 여수시(C177),1,8,8,20,7993,4186,1,27,0,0,0,0,24,33539,3513,6,1258,2,0,0,0,0,0,0,0,0,0
전라남도 영광군(C178),0,0,0,15,750,0,0,0,0,0,0,0,6,392,0,3,23,0,0,0,0,0,0,0,0,0,0
전라남도 영암군(C179),0,0,0,0,0,0,0,0,0,0,0,0,0,0,0,0,0,0,0,0,0,0,0,0,0,0,0
전라남도 장성군(C181),0,0,0,4,1061,129,0,0,0,0,0,0,5,897,1,3,10,0,0,0,0,0,0,0,0,0,0
전라남도 진도군(C183),0,0,0,2,137,33,0,0,0,0,0,0,1,187,0,2,146,0,0,0,0,0,0,0,0,0,0
전라남도 해남군(C185),1,60,0,0,0,0,0,0,0,3,175,0,8,480,14,1,60,0,0,0,0,0,0,0,0,0,0
전라북도 군산시(C188),2,288,0,2,288,0,0,0,0,0,0,0,1,144,0,2,185,0,0,0,0,0,0,0,0,0,0
전라북도 남원시(C190),1,1267,0,21,278,0,0,0,0,0,0,0,29,3180,0,13,444,1,0,0,0,0,0,0,0,0,0
전라북도 무주군(C191),11,4563,0,35,6736,1,1,748,0,4,2992,0,8,4255,212,1,1,0,0,0,0,0,0,0,0,0,0
전라북도 완주군(C194),0,0,0,62,5146,0,1,68,0,13,884,0,5,313,136,5,243,2,0,0,0,0,0,0,0,0,0
전라북도 임실군(C196),29,42435,0,34,50896,0,1,274,0,7,4450,0,24,21714,219,0,0,0,0,0,0,0,0,0,0,0,0
전라북도 장수군(C197),0,0,0,1,12,0,0,0,0,0,0,0,1,12,0,0,0,0,0,0,0,0,0,0,0,0,0
전라북도 정읍시(C199),0,0,0,2,64,0,0,0,0,1,32,0,1,32,0,1,32,0,0,0,0,0,0,0,0,0,0
전라북도 진안군(C200),0,0,0,79,6922,1,1,14,0,5,18,0,36,7332,1548,17,530,0,0,0,0,0,0,0,0,0,0
충청남도 공주시(C204),19,122053,0,10,242971,0,3,295,0,1,230,0,17,243736,0,0,0,0,0,0,0,0,0,0,0,0,0
충청남도 금산군(C205),0,0,0,3,113774,0,1,36478,0,0,0,0,10,42449,0,4,3307,5,0,0,0,0,0,0,0,0,0
충청남도 논산시(C206),0,0,0,0,0,0,0,0,0,0,0,0,2,2728,0,0,0,0,0,0,0,0,0,0,0,0,0
충청남도 당진시(C207),5,63,0,60,569,0,0,0,0,10,120,0,25,246,0,6,95,0,0,0,0,0,0,0,0,0,0
충청남도 보령시(C208),23,200641,114917,112,12755,2492,0,0,0,9,4684,0,31,90319,571,8,4392,12,0,0,0,0,0,0,0,0,0
충청남도 부여군(C209),0,0,0,0,0,0,0,0,0,0,0,0,3,4650,320,1,6,0,0,0,0,0,0,0,0,0,0
충청남도 서산시(C210),0,0,0,0,0,0,0,0,0,0,0,0,6,974,610,0,0,0,0,0,0,0,0,0,0,0,0
충청남도 아산시(C212),0,0,0,101,114033,45,0,0,0,3,9012,4,21,61227,53623,0,0,0,0,0,0,0,0,0,0,0,0
충청남도 천안시(C214),0,0,0,2,12,0,0,0,0,0,0,0,1,4597,0,0,0,0,0,0,0,0,0,0,0,0,0
충청남도 청양군(C215),1,4534,0,24,58886,0,0,0,0,0,0,0,8,16786,0,0,0,0,0,0,0,0,0,0,0,0,0
충청남도 홍성군(C217),4,12,0,16,879,0,0,0,0,1,38,0,28,2470,1,12,723,0,0,0,0,0,0,0,0,0,0
충청북도 괴산군(C218),0,0,0,0,0,0,0,0,0,0,0,0,5,1258,0,1,2,0,0,0,0,0,0,0,0,0,0
충청북도 단양군(C219),3,947,69,55,24700,31,0,0,0,7,5372,0,36,17420,9224,0,0,0,0,0,0,0,0,0,0,0,0
충청북도 옥천군(C222),0,0,0,9,14128,0,0,0,0,0,0,0,7,9089,1,4,430,122,0,0,0,0,0,0,0,0,0
충청북도 음성군(C223),2,24,0,79,792,213,0,0,0,0,0,0,19,24161,409,7,408,2,0,0,0,0,0,0,0,0,0
충청북도 제천시(C224),0,0,0,0,0,0,0,0,0,0,0,0,1,294,0,1,294,1,0,0,0,0,0,0,0,0,0
충청북도 청주시(C227),0,0,0,2,188,0,0,0,0,0,0,0,4,44,22,0,0,0,0,0,0,0,0,0,0,0,0
제주특별자치도 서귀포시(C230),3,325,0,2,600,0,0,0,0,0,0,0,17,4577,231,1,15,0,0,0,0,0,0,0,0,0,0
(재)연구개발특구진흥재단(D002),1,482,0,1,51,0,0,0,0,0,0,0,6,1661,964,0,0,0,0,0,0,0,0,0,0,0,0
(주)강원랜드(D009),0,0,0,9,138,0,0,0,0,2,20,0,1,10,0,0,0,0,0,0,0,0,0,0,0,0,0
(주)에스알(D011),0,0,0,36,180,0,120,840,840,0,0,0,3,15,0,0,0,0,0,0,0,0,0,0,0,0,0
(주)중소기업유통센터(D013),0,0,0,1,410,0,0,0,0,0,0,0,2,820,0,0,0,0,0,0,0,0,0,0,0,0,0
(주)한국가스기술공사(D015),3,439,5,25,852,29,0,0,0,8,3948,4,14,2498,864,1,336,336,0,0,0,0,0,0,0,0,0
건강보험심사평가원(D020),10,598041,0,15,1175235,0,0,0,0,0,0,0,5,391745,0,0,0,0,0,0,0,0,0,0,0,0,0
경기관광공사(D023),0,0,0,0,0,0,0,0,0,0,0,0,0,0,0,0,0,0,0,0,0,0,0,0,0,0,0
경기주택도시공사(D025),3,1759,0,26,2213,0,2,383,0,0,0,0,25,7572,1,1,23,0,0,0,0,0,0,0,0,0,0
강서구시설관리공단(D026),0,0,0,2,62,0,0,0,0,0,0,0,1,10842,10842,0,0,0,0,0,0,0,0,0,0,0,0
경상북도문화관광공사(D031),0,0,0,33,311,18,2,18,18,0,0,0,0,0,0,2,46,0,0,0,0,0,0,0,0,0,0
공무원연금공단(D033),68,1687,0,260,8466,0,12,471,19,0,0,0,18,1888,574,0,0,0,0,0,0,0,0,0,0,0,0
광주광역시도시철도공사(D038),0,0,0,20,188749,0,0,0,0,0,0,0,5,20307,1,0,0,0,0,0,0,0,0,0,0,0,0
국가평생교육진흥원(D043),4,4,2,19,115526,34,0,0,0,9,23583,0,88,493298,347571,5,64736,54237,0,0,0,0,0,0,0,0,0
국립공원공단(D045),0,0,0,13,1053,0,0,0,0,1,15,0,13,443,209,0,0,0,0,0,0,0,0,0,0,0,0
국립생태원(D048),0,0,0,0,0,0,0,0,0,0,0,0,3,1515,0,0,0,0,0,0,0,0,0,0,0,0,0
국립암센터(D050),0,0,0,3,23939,0,0,0,0,1,8103,0,1,8103,1384,0,0,0,0,0,0,0,0,0,0,0,0
국민건강보험공단(D052),42,2002298,0,172,3193646,107,8,38368,0,0,0,0,29,3038614,2000046,1,3,0,0,0,0,0,0,0,0,0,0
국민연금공단(D054),56,2907132,1,64,1926190,0,9,16166,0,0,0,0,28,3085416,1034989,2,1075116,537558,0,0,0,0,0,0,0,0,0
국토교통과학기술진흥원(D058),0,0,0,0,0,0,0,0,0,0,0,0,1,453,0,0,0,0,0,0,0,0,0,0,0,0,0
그랜드코리아레저(주)(D062),3,417,0,0,0,0,0,0,0,0,0,0,1,139,0,0,0,0,0,0,0,0,0,0,0,0,0
근로복지공단(D064),2,29,29,10,461,30,0,0,0,0,0,0,3,90,5,0,0,0,0,0,0,0,0,0,0,0,0
기술보증기금(D066),0,0,0,10,68,0,4,30,0,0,0,0,2,68,0,3,254,19,0,0,0,0,0,0,0,0,0
국가철도공단(D067),0,0,0,0,0,0,0,0,0,0,0,0,0,0,0,0,0,0,0,0,0,0,0,0,0,0,0
농림식품기술기획평가원(D076),0,0,0,0,0,0,0,0,0,0,0,0,5,416,0,0,0,0,0,0,0,0,0,0,0,0,0
농업정책보험금융원(D079),58,8369497,221,162,21382456,737,15,2206664,0,0,0,0,13,4132375,2135583,0,0,0,0,0,0,0,0,0,0,0,0
대구도시공사(D082),1,80,0,1,80,0,0,0,0,3,240,0,7,560,0,1,80,0,0,0,0,0,0,0,0,0,0
대구도시철도공사(D084),2,474,0,316,960356,0,0,0,0,0,0,0,8,89972,57688,0,0,0,0,0,0,0,0,0,0,0,0
대구시설공단(D086),2,344,276,10,40020,0,0,0,0,6,1644,0,15,35444,621,4,16,0,0,0,0,0,0,0,0,0,0
대구환경공단(D088),0,0,0,3,36,22,0,0,0,0,0,0,1,12,9,0,0,0,0,0,0,0,0,0,0,0,0
국토안전관리원(D091),0,0,0,0,0,0,0,0,0,0,0,0,0,0,0,0,0,0,0,0,0,0,0,0,0,0,0
대전광역시도시철도공사(D092),0,0,0,79,11575,2,1,6,0,0,0,0,15,3416,596,0,0,0,0,0,0,0,0,0,0,0,0
대한무역투자진흥공사(D100),0,0,0,2,23906,5758,0,0,0,0,0,0,3,66428,533,0,0,0,0,0,0,0,0,0,0,0,0
도로교통공단(D105),4,1570,0,98,623798,1716,0,0,0,0,0,0,33,97395,3020,0,0,0,0,0,0,0,0,0,0,0,0
독립기념관(D107),0,0,0,0,0,0,0,0,0,0,0,0,4,27550,27432,0,0,0,0,0,0,0,0,0,0,0,0
부산교통공사(D112),0,0,0,2,118,0,0,0,0,0,0,0,3,122,0,1,4,0,0,0,0,0,0,0,0,0,0
대한적십자사(D121),0,0,0,4,86,61,0,0,0,0,0,0,4,54,0,1,9,0,0,0,0,0,0,0,0,0,0
서울교통공사(D128),65,68529,0,68,105782,251,0,0,0,0,0,0,107,152692,8,0,0,0,0,0,0,0,0,0,0,0,0
서울시설공단(D131),0,0,0,44,210756,0,0,0,0,0,0,0,7,71178,30076,0,0,0,0,0,0,0,0,0,0,0,0
서울올림픽기념국민체육진흥공단(D135),25,718,0,39,3051,0,0,0,0,0,0,0,0,0,0,0,0,0,0,0,0,0,0,0,0,0,0
세종도시교통공사(D140),0,0,0,0,0,0,0,0,0,0,0,0,0,0,0,0,0,0,0,0,0,0,0,0,0,0,0
소상공인시장진흥공단(D144),1,1320,0,108,152927,1732,1,1811,0,46,83310,0,0,0,0,0,0,0,0,0,0,0,0,0,0,0,0
시청자미디어재단(D148),0,0,0,4,161,0,0,0,0,0,0,0,12,483,0,0,0,0,0,0,0,0,0,0,0,0,0
신용보증기금(D151),69,69000,0,119,119000,0,75,2811,0,6,6000,0,30,29000,10000,0,0,0,0,0,0,0,0,0,0,0,0
여수광양항만공사(D157),1,17,0,72,15643,0,0,0,0,1,41,0,19,2301305,1500,0,0,0,0,0,0,0,0,0,0,0,0
예금보험공사(D160),46,975,0,23,459,4,34,459,0,6,60,0,9,266,21,3,420,0,0,0,0,0,0,0,0,0,0
우체국금융개발원(D162),0,0,0,0,0,0,0,0,0,0,0,0,0,0,0,0,0,0,0,0,0,0,0,0,0,0,0
울산시설공단(D169),6,109,0,51,805,60,0,0,0,1,7,0,34,3092,46,8,850,0,0,0,0,0,0,0,0,0,0
인천국제공항공사(D178),0,0,0,0,0,0,0,0,0,0,0,0,0,0,0,0,0,0,0,0,0,0,0,0,0,0,0
인천도시공사(D180),0,0,0,4,356,0,0,0,0,0,0,0,0,0,0,0,0,0,0,0,0,0,0,0,0,0,0
인천시설공단(D182),0,0,0,2,1788,0,0,0,0,2,3552,1,7,18610,11,1,13,0,0,0,0,0,0,0,0,0,0
인천환경공단(D185),17,6220,0,313,114529,510,27,9877,0,0,0,0,7,2562,0,0,0,0,0,0,0,0,0,0,0,0,0
전남개발공사(D192),4,28,0,24,936,0,4,28,0,0,0,0,4,28,0,0,0,0,0,0,0,0,0,0,0,0,0
제주관광공사(D201),0,0,0,0,0,0,0,0,0,0,0,0,1,90,90,0,0,0,0,0,0,0,0,0,0,0,0
제주국제자유도시개발센터(D203),0,0,0,5,880,62,0,0,0,0,0,0,2,74,74,0,0,0,0,0,0,0,0,0,0,0,0
제주에너지공사(D205),2,15,0,164,93460,720,0,0,0,0,0,0,23,15519,5520,0,0,0,0,0,0,0,0,0,0,0,0
제주특별자치도개발공사(D208),1,13,0,20,188,0,0,0,0,0,0,0,7,60,0,0,0,0,0,0,0,0,0,0,0,0,0
울산과학기술원(D209),1,1942,1941,0,0,0,0,0,0,0,0,0,3,4102,218,0,0,0,0,0,0,0,0,0,0,0,0
주택도시보증공사(D213),11,5722,85,71,2762,23,2,2782,0,0,0,0,9,16275,5798,0,0,0,0,0,0,0,0,0,0,0,0
중소기업기술정보진흥원(D215),2,11736,58,4,41,0,0,0,0,0,0,0,23,13058,0,3,19,0,0,0,0,0,0,0,0,0,0
중소벤처기업진흥공단(D217),3,104,98,20,968,32,5,28,0,26,378066,0,9,31772,0,4,1632,12,0,0,0,0,0,0,0,0,0
의정부시시설관리공단(D218),0,0,0,2,67,0,0,0,0,0,0,0,1,812,0,1,29,0,0,0,0,0,0,0,0,0,0
창업진흥원(D219),0,0,0,2,1105,0,0,0,0,0,0,0,36,17711,1750,0,0,0,0,0,0,0,0,0,0,0,0
이천시시설관리공단(D220),1,2,1,0,0,0,0,0,0,0,0,0,0,0,0,0,0,0,0,0,0,0,0,0,0,0,0
인천광역시미추홀구시설관리공단(D225),8,509,429,5,316,40,0,0,0,0,0,0,4,200,0,1,5,1,0,0,0,0,0,0,0,0,0
한국가스공사(D232),16,6448,0,97,160267,0,1,20,0,0,0,0,37,70327,7481,0,0,0,0,0,0,0,0,0,0,0,0
한국가스안전공사(D234),2,4959,0,140,29075,1,1,23,0,3,383,0,32,12144,5,12,3122,5,0,0,0,0,0,0,0,0,0
한국부동산원(D236),0,0,0,376,35490,3866,0,0,0,0,0,0,0,0,0,0,0,0,0,0,0,0,0,0,0,0,0
한국건강가정진흥원(D238),2,5,0,20,1361,77,15,18,15,8,1664,0,11,1051,902,8,874,6,0,0,0,0,0,0,0,0,0
한국건강증진개발원(D240),0,0,0,5,831,0,1,155,155,0,0,0,6,475,343,0,0,0,0,0,0,0,0,0,0,0,0
한국공예디자인문화진흥원(D243),0,0,0,0,0,0,0,0,0,0,0,0,2,8,0,0,0,0,0,0,0,0,0,0,0,0,0
한국공항공사(D245),1,64,37,76,2688,173,2,33,0,0,0,0,14,835,1,0,0,0,0,0,0,0,0,0,0,0,0
한국과학기술기획평가원(D247),0,0,0,0,0,0,0,0,0,0,0,0,1,130,0,0,0,0,0,0,0,0,0,0,0,0,0
한국과학창의재단(D249),5,112,0,12,840,33,0,0,0,0,0,0,13,19765,42,0,0,0,0,0,0,0,0,0,0,0,0
한국관광공사(D251),0,0,0,1,2666,0,0,0,0,0,0,0,4,5330,0,2,2555,0,0,0,0,0,0,0,0,0,0
한국교육학술정보원(D257),34,3810203,7,12,498824,41,0,0,0,0,0,0,3,211912,608,0,0,0,0,0,0,0,0,0,0,0,0
한국교통안전공단(D259),141,24613,1629,603,132095,4235,6,3416,23,21,41670,300,75,72097,19733,7,430,37,0,0,0,0,0,0,0,0,0
한국국제협력단(D261),7,5552,243,26,3300,699,10,1380,89,3,399,0,33,7116,255,0,0,0,0,0,0,0,0,0,0,0,0
한국국토정보공사(D263),11,1029,0,22,1316,0,3,474,0,24,5408,0,27,5912,1718,2,916,604,0,0,0,0,0,0,0,0,0
한국기계연구원(D265),0,0,0,0,0,0,0,0,0,0,0,0,1,66,0,0,0,0,0,0,0,0,0,0,0,0,0
한국나노기술원(D268),2,139182,0,1,171,0,0,0,0,0,0,0,9,369200,0,0,0,0,0,0,0,0,0,0,0,0,0
한국남동발전㈜(D270),0,0,0,101,68005,9994,0,0,0,0,0,0,8,11480,0,0,0,0,0,0,0,0,0,0,0,0,0
한국남부발전(주)(D272),0,0,0,1,77,0,0,0,0,0,0,0,3,1344,160,0,0,0,0,0,0,0,0,0,0,0,0
한국농수산식품유통공사(D276),18,843442,2,30,2462848,1,4,8298,0,4,158,0,29,2221745,180867,4,412,0,0,0,0,0,0,0,0,0,0
한국농어촌공사(D278),0,0,0,10,5039,2066,0,0,0,1,639,0,1,639,0,0,0,0,0,0,0,0,0,0,0,0,0
한국도로공사(D283),1,10,10,2,22,12,0,0,0,0,0,0,1,12,0,0,0,0,0,0,0,0,0,0,0,0,0
한국동서발전(주)(D285),9,2162,0,161,2464383,0,6,4474,0,3,77,0,59,189805,23,1,13,0,0,0,0,0,0,0,0,0,0
한국무역보험공사(D290),7,77,0,21,135162,0,54,130697,4275,0,0,0,5,133137,0,0,0,0,0,0,0,0,0,0,0,0,0
한국문화정보원(D292),0,0,0,2,8576,0,0,0,0,2,8576,0,10,9655,90,1,212,35,0,0,0,0,0,0,0,0,0
한국방송광고진흥공사(D296),2,188,0,3,1753,35,0,0,0,0,0,0,5,701,326,0,0,0,0,0,0,0,0,0,0,0,0
한국개발연구원(D299),1,1890,1,6,12320,0,0,0,0,1,550,0,4,7427,1577,0,0,0,0,0,0,0,0,0,0,0,0
한국벤처투자(주)(D302),66,1098,20,69,1183,23,0,0,0,0,0,0,5,80,0,0,0,0,0,0,0,0,0,0,0,0,0
한국보건산업진흥원(D306),0,0,0,0,0,0,0,0,0,0,0,0,1,106,0,0,0,0,0,0,0,0,0,0,0,0,0
한국보훈복지의료공단(D309),27,16610,0,338,70563,0,0,0,0,5,57394,0,33,72106,3,4,928,0,0,0,0,0,0,0,0,0,0
한국사학진흥재단(D311),0,0,0,1,21,21,0,0,0,0,0,0,1,21,0,0,0,0,0,0,0,0,0,0,0,0,0
한국과학기술원(D312),0,0,0,7,572,8,0,0,0,0,0,0,2,456,1,0,0,0,0,0,0,0,0,0,0,0,0
한국사회복지협의회(D313),0,0,0,1,123,11,0,0,0,0,0,0,4,328,0,1,13875,17,0,0,0,0,0,0,0,0,0
한국산림복지진흥원(D317),8,48,0,82,38650,0,2,12,0,28,182438,11,65,192509,106056,8,47462,7,0,0,0,0,0,0,0,0,0
한국산업기술진흥원(D319),0,0,0,1,198,0,0,0,0,1,72,0,1,856,856,0,0,0,0,0,0,0,0,0,0,0,0
한국산업단지공단(D323),238,8841,862,1644,21125,484,168,5080,601,0,0,0,77,522,0,0,0,0,0,0,0,0,0,0,0,0,0
한국산업안전보건공단(D325),0,0,0,10,1145498,82,0,0,0,2,678542,0,18,2666053,8411,3,607238,53109,0,0,0,0,0,0,0,0,0
한국산업인력공단(D329),0,0,0,34,455594,28,2,32,32,1,2003,0,6,902996,297037,0,0,0,0,0,0,0,0,0,0,0,0
한국서부발전(주)(D335),9,913,0,135,155002,0,10,1011,0,0,0,0,70,123018,0,0,0,0,0,0,0,0,0,0,0,0,0
한국석유공사(D337),365,5941,0,572,8379,0,0,0,0,0,0,0,13,330,0,0,0,0,0,0,0,0,0,0,0,0,0
한국석유관리원(D339),0,0,0,4,198,0,0,0,0,0,0,0,2,960,0,5,550,0,0,0,0,0,0,0,0,0,0
한국소방산업기술원(D343),3,246,0,2,25,0,0,0,0,0,0,0,6,69,0,0,0,0,0,0,0,0,0,0,0,0,0
한국소비자원(D345),0,0,0,1,249,0,0,0,0,0,0,0,4,29157,0,0,0,0,0,0,0,0,0,0,0,0,0
한국수력원자력(주)(D347),0,0,0,40,457,48,0,0,0,0,0,0,13,26075,115,0,0,0,0,0,0,0,0,0,0,0,0
한국문화재재단(D348),0,0,0,2,6,0,0,0,0,0,0,0,0,0,0,1,3,0,0,0,0,0,0,0,0,0,0
한국문화진흥주식회사(D349),0,0,0,8,144,0,0,0,0,0,0,0,0,0,0,0,0,0,0,0,0,0,0,0,0,0,0
한국법제연구원(D350),0,0,0,3,1245,0,0,0,0,1,124,0,5,1322,0,0,0,0,0,0,0,0,0,0,0,0,0
한국수자원공사(D351),21,7703,396,207,22746,149,3,410,0,1,17735,0,25,7168,148,1,248,0,0,0,0,0,0,0,0,0,0
한국언론진흥재단(D358),0,0,0,11,64,0,0,0,0,0,0,0,29,374884,112512,0,0,0,0,0,0,0,0,0,0,0,0
한국에너지기술평가원(D362),0,0,0,4,134,0,0,0,0,0,0,0,5,198,0,0,0,0,0,0,0,0,0,0,0,0,0
한국영상자료원(D366),0,0,0,1,13528,0,0,0,0,0,0,0,4,40474,445,0,0,0,0,0,0,0,0,0,0,0,0
한국우편사업진흥원(D369),0,0,0,0,0,0,0,0,0,0,0,0,5,11904,2176,0,0,0,0,0,0,0,0,0,0,0,0
한국원자력안전기술원(D371),0,0,0,3,90,0,0,0,0,0,0,0,5,109,0,0,0,0,0,0,0,0,0,0,0,0,0
한국인터넷진흥원(D380),0,0,0,1,123,0,0,0,0,0,0,0,1,123,123,0,0,0,0,0,0,0,0,0,0,0,0
한국원자력안전재단(D381),19,223,0,94,917,23,4,30,0,0,0,0,2,17,0,0,0,0,0,0,0,0,0,0,0,0,0
한국자산관리공사(D384),12,10520,0,10,5362,0,0,0,0,0,0,0,9,7906,0,0,0,0,0,0,0,0,0,0,0,0,0
한국의약품안전관리원(D387),0,0,0,24,65765,8065,0,0,0,0,0,0,15,1252950,93367,0,0,0,0,0,0,0,0,0,0,0,0
한국장애인고용공단(D388),0,0,0,5,33306,0,1,459,0,0,0,0,1,31646,0,0,0,0,0,0,0,0,0,0,0,0,0
한국장학재단(D390),12,4294,0,0,0,0,0,0,0,0,0,0,0,0,0,0,0,0,0,0,0,0,0,0,0,0,0
한국장애인개발원(D391),0,0,0,0,0,0,0,0,0,0,0,0,1,329,87,1,167,12,0,0,0,0,0,0,0,0,0
한국재정정보원(D392),1041,6523,0,0,0,0,0,0,0,0,0,0,189,1230,4,0,0,0,0,0,0,0,0,0,0,0,0
한국전기안전공사(D395),1,12,0,119,8780,40,11,102,0,0,0,0,2,17,0,0,0,0,0,0,0,0,0,0,0,0,0
한국전자통신연구원(D396),0,0,0,0,0,0,0,0,0,0,0,0,2,23908,0,0,0,0,0,0,0,0,0,0,0,0,0
한국전력거래소(D397),8,508,0,20,4584,0,0,0,0,0,0,0,4,1541,578,0,0,0,0,0,0,0,0,0,0,0,0
한국전력공사(D399),30,31756,0,31,60225,0,1,14674,0,0,0,0,27,35139,460,3,1436,125,0,0,0,0,0,0,0,0,0
한국지능정보사회진흥원(D400),0,0,0,4,102779,0,0,0,0,0,0,0,13,118876,3,0,0,0,0,0,0,0,0,0,0,0,0
한국지식재산연구원(D402),0,0,0,10,17610,11685,0,0,0,7,15152,0,31,80121,46396,0,0,0,0,0,0,0,0,0,0,0,0
한국조폐공사(D405),0,0,0,2,18,0,0,0,0,0,0,0,4,75,75,0,0,0,0,0,0,0,0,0,0,0,0
한국주택금융공사(D407),47,11908,5250,25,11870,5250,4,15758,0,8,5950,0,16,11708,11636,0,0,0,0,0,0,0,0,0,0,0,0
한국중부발전(주)(D409),6,149,0,16,153,0,0,0,0,0,0,0,7,252,142,0,0,0,0,0,0,0,0,0,0,0,0
한국지식재산보호원(D411),0,0,0,0,0,0,0,0,0,0,0,0,1,2734,0,0,0,0,0,0,0,0,0,0,0,0,0
한국지역난방공사(D413),9,320,1,155,53143228,10425,4,1184624,0,6,2716336,9999,18,2716521,1076749,1,29,0,0,0,0,0,0,0,0,0,0
한국직업능력개발원(D415),0,0,0,10,540775,0,1,135158,0,0,0,0,4,135214,0,0,0,0,0,0,0,0,0,0,0,0,0
한국철도공사(D417),8,5122,0,289,1055687,0,1,1,1,3,1212,0,10,446145,292,0,0,0,0,0,0,0,0,0,0,0,0
한국항공우주연구원(D421),0,0,0,6,1480,0,0,0,0,2,16,0,6,764,382,0,0,0,0,0,0,0,0,0,0,0,0
한국콘텐츠진흥원(D425),0,0,0,9,147898,1040,0,0,0,21,14108,269,46,157979,4595,0,0,0,0,0,0,0,0,0,0,0,0
한국토지주택공사(D427),0,0,0,3,108,7,3,108,0,0,0,0,0,0,0,0,0,0,0,0,0,0,0,0,0,0,0
한국환경공단(D435),0,0,0,27,70650,0,1,4216,0,0,0,0,3,1712,0,0,0,0,0,0,0,0,0,0,0,0,0
한식진흥원(D436),0,0,0,0,0,0,0,0,0,0,0,0,3,18,0,0,0,0,0,0,0,0,0,0,0,0,0
한국환경산업기술원(D437),5,2594,0,30,5224,0,3,1797,1797,2,199313,0,71,798424,20,5,299832,118435,0,0,0,0,0,0,0,0,0
한전KDN(주)(D441),0,0,0,37,1110,21,0,0,0,4,404,0,19,1398,295,2,135,66,0,0,0,0,0,0,0,0,0
한전케이피에스주식회사(D443),0,0,0,5,41,0,2,20,0,2,20,0,2,19,0,0,0,0,0,0,0,0,0,0,0,0,0
해양환경공단(D446),2,5381,0,405,25804954,10188,0,0,0,0,0,0,52,1838108,44457,3,107,0,0,0,0,0,0,0,0,0,0
한국해양교통안전공단(D447),0,0,0,14,9,0,0,0,0,0,0,0,0,0,0,0,0,0,0,0,0,0,0,0,0,0,0
한국사회보장정보원(D449),1,108,0,10,5061,0,0,0,0,3,88586,0,3,53481,0,0,0,0,0,0,0,0,0,0,0,0,0
서울주택도시공사(D450),4,219,0,65,825,226,4,82,0,0,0,0,8,351,91,2,38,0,0,0,0,0,0,0,0,0,0
울산항만공사(D471),1,0,0,4,2,0,0,0,0,2,2,0,7,7,0,1,1,0,0,0,0,0,0,0,0,0,0
한국고용정보원(D480),2,510,510,0,0,0,0,0,0,4,1020,0,2,475,329,3,422,238,0,0,0,0,0,0,0,0,0
한국저작권위원회(D489),0,0,0,1,1304,0,0,0,0,6,19597,0,12,43869,16748,0,0,0,0,0,0,0,0,0,0,0,0
경상북도교육청 경상북도교육청구미도서관(D538),2,2608,2608,4,3104,0,0,0,0,0,0,0,4,3104,1316,0,0,0,0,0,0,0,0,0,0,0,0
경상북도교육청 경상북도교육청영주선비도서관(D543),2,854,854,2,577,0,0,0,0,0,0,0,3,593,0,0,0,0,0,0,0,0,0,0,0,0,0
경찰청 서울특별시경찰청(D576),0,0,0,2,64,0,0,0,0,0,0,0,0,0,0,0,0,0,0,0,0,0,0,0,0,0,0
경찰청 울산광역시경찰청(D577),0,0,0,36,1085,173,0,0,0,0,0,0,7,1345,702,1,643,0,0,0,0,0,0,0,0,0,0
경찰청 전라남도경찰청(D579),0,0,0,18,106,18,0,0,0,0,0,0,1,6,0,0,0,0,0,0,0,0,0,0,0,0,0
경찰청 전라북도경찰청(D580),1,3,3,65,283,31,1,5,5,0,0,0,10,45,0,3,75,0,0,0,0,0,0,0,0,0,0
경찰청 제주특별자치도경찰청(D581),0,0,0,71,1080,0,0,0,0,0,0,0,6,122,0,0,0,0,0,0,0,0,0,0,0,0,0
경찰청 충청북도경찰청(D583),0,0,0,2,24,0,0,0,0,0,0,0,2,24,9,0,0,0,0,0,0,0,0,0,0,0,0
공공데이터활용지원센터(D584),0,0,0,1,50084,27,0,0,0,2,100168,0,2,100168,0,0,0,0,0,0,0,0,0,0,0,0,0
과학기술정보통신부 국립과천과학관(D585),1,5,5,0,0,0,0,0,0,0,0,0,1,5,0,0,0,0,0,0,0,0,0,0,0,0,0
과학기술정보통신부 우정사업본부(D588),25,152,120,2,37,0,0,0,0,0,0,0,0,0,0,0,0,0,0,0,0,0,0,0,0,0,0
과학기술정보통신부 중앙전파관리소(D589),0,0,0,27,323,0,0,0,0,0,0,0,2,40,17,0,0,0,0,0,0,0,0,0,0,0,0
교육부 국립국제교육원(D591),0,0,0,12,288,60,0,0,0,0,0,0,0,0,0,0,0,0,0,0,0,0,0,0,0,0,0
국토교통부 국토지리정보원(D595),0,0,0,1,110023,0,0,0,0,0,0,0,1,110023,0,0,0,0,0,0,0,0,0,0,0,0,0
농림축산식품부 국립농산물품질관리원(D600),4,95,78,37,2060771,298,0,0,0,0,0,0,26,659997,530040,4,421,56,0,0,0,0,0,0,0,0,0
농림축산식품부 농림축산검역본부(D602),0,0,0,0,0,0,0,0,0,0,0,0,2,18237,7,1,10042,0,0,0,0,0,0,0,0,0,0
문화체육관광부 국립중앙극장(D634),0,0,0,11,15518,479,0,0,0,3,116812,0,18,155197,17005,1,911,162,0,0,0,0,0,0,0,0,0
문화체육관광부 국립한글박물관(D637),0,0,0,1,5,0,0,0,0,0,0,0,0,0,0,0,0,0,0,0,0,0,0,0,0,0,0
보건복지부 국립공주병원(D643),0,0,0,1,60,57,0,0,0,0,0,0,0,0,0,0,0,0,0,0,0,0,0,0,0,0,0
보건복지부 국립나주병원(D644),16,101,4,24,540,0,0,0,0,0,0,0,7,587,0,0,0,0,0,0,0,0,0,0,0,0,0
보건복지부 국립재활원(D647),1,226,226,76,780,84,11,134,0,0,0,0,3,21,5,1,226,4,0,0,0,0,0,0,0,0,0
보건복지부 국립정신건강센터(D648),3,156,9,1,278,0,0,0,0,0,0,0,3,4315,10,0,0,0,0,0,0,0,0,0,0,0,0
보건복지부 오송생명과학단지지원센터(D650),0,0,0,0,0,0,0,0,0,0,0,0,1,69,0,0,0,0,0,0,0,0,0,0,0,0,0
산림청 국립자연휴양림관리소(D667),4,10188,0,1,43,0,0,0,0,1,2547,0,3,194245,194017,2,3791,0,0,0,0,0,0,0,0,0,0
산림청 산림항공본부(D669),1,12,0,30,971,0,0,0,0,2,21,0,11,634,0,0,0,0,0,0,0,0,0,0,0,0,0
안산도시공사(D688),0,0,0,0,0,0,0,0,0,0,0,0,0,0,0,0,0,0,0,0,0,0,0,0,0,0,0
한국교원대학교(D740),0,0,0,0,0,0,0,0,0,0,0,0,5,63367,0,0,0,0,0,0,0,0,0,0,0,0,0
행정안전부 국가기록원(D747),0,0,0,0,0,0,0,0,0,0,0,0,1,4,0,0,0,0,0,0,0,0,0,0,0,0,0
행정안전부 국가민방위재난안전교육원(D748),0,0,0,4,700,0,0,0,0,0,0,0,5,875,329,0,0,0,0,0,0,0,0,0,0,0,0
환경부 국립생물자원관(D756),1,63689,0,2,146,0,0,0,0,1,74,0,0,0,0,0,0,0,0,0,0,0,0,0,0,0,0
환경부 화학물질안전원(D764),1,41,0,5,205,0,0,0,0,2,82,0,4,164,164,0,0,0,0,0,0,0,0,0,0,0,0
중앙노동위원회(D780),0,0,0,16,114,0,1,9,0,0,0,0,0,0,0,0,0,0,0,0,0,0,0,0,0,0,0
환경부 한강홍수통제소(D781),0,0,0,69,11294841,0,0,0,0,3,11826,0,20,3573264,1044109,0,0,0,0,0,0,0,0,0,0,0,0
