고용노동부(A001),51.0,600398.0,0.0,131.0,156725.0,1.0,4.0,84.0,0.0,0.0,0.0,0.0,72.0,715295.0,179962.0,32.0,82176.0,11.0,0.0,0.0,0.0,0.0,0.0,0.0,0.0,0.0,0.0
과학기술정보통신부(A003),215.0,298759.0,0.0,312.0,109999.0,0.0,49.0,8622.0,0.0,13.0,80265.0,0.0,24.0,132361.0,0.0,6.0,48150.0,0.0,0.0,0.0,0.0,0.0,0.0,0.0,0.0,0.0,0.0
교육부(A005),8.0,494.0,0.0,276.0,601729.0,0.0,23.0,6361.0,1620.0,0.0,0.0,0.0,13.0,150498.0,0.0,3.0,63524.0,0.0,0.0,0.0,0.0,0.0,0.0,0.0,0.0,0.0,0.0
국방부(A007),39.0,1268.0,0.0,148.0,52791.0,0.0,11.0,695.0,0.0,7.0,44653.0,0.0,130.0,86472.0,464.0,20.0,3057.0,2.0,0.0,0.0,0.0,0.0,0.0,0.0,0.0,0.0,0.0
국토교통부(A009),221.0,7583589.0,449.0,846.0,17780311.0,1793.0,220.0,3092881.0,0.0,9.0,148498.0,0.0,200.0,5394838.0,545.0,11.0,350316.0,0.0,1.0,264.0,0.0,0.0,0.0,0.0,20.0,2868.0,3.0
기획재정부(A011),6.0,555.0,0.0,7.0,372.0,0.0,0.0,0.0,0.0,0.0,0.0,0.0,4.0,98.0,0.0,0.0,0.0,0.0,0.0,0.0,0.0,0.0,0.0,0.0,0.0,0.0,0.0
농림축산식품부(A013),73.0,36849.0,0.0,1160.0,1580118.0,157.0,162.0,10749.0,0.0,63.0,56508.0,0.0,64.0,831225.0,1.0,24.0,1885.0,0.0,0.0,0.0,0.0,0.0,0.0,0.0,0.0,0.0,0.0
문화체육관광부(A015),6.0,5275.0,0.0,39.0,214776.0,0.0,0.0,0.0,0.0,5.0,100825.0,0.0,36.0,673344.0,11744.0,2.0,2276.0,0.0,0.0,0.0,0.0,0.0,0.0,0.0,0.0,0.0,0.0
법무부(A017),29.0,778.0,0.0,6717.0,2029935.0,0.0,10.0,228.0,183.0,0.0,0.0,0.0,131.0,6088738.0,0.0,62.0,11712.0,0.0,0.0,0.0,0.0,0.0,0.0,0.0,86.0,11061.0,0.0
질병관리청(A018),12.0,478370.0,0.0,55.0,1746098.0,0.0,0.0,0.0,0.0,5.0,438.0,0.0,123.0,903961.0,35183.0,0.0,0.0,0.0,0.0,0.0,0.0,0.0,0.0,0.0,0.0,0.0,0.0
보건복지부(A019),1.0,12.0,0.0,487.0,391175.0,0.0,24.0,816.0,0.0,1.0,3564.0,0.0,30.0,31193.0,0.0,26.0,17602.0,0.0,0.0,0.0,0.0,0.0,0.0,0.0,0.0,0.0,0.0
산업통상자원부(A020),343.0,674272.0,0.0,1466.0,88133.0,0.0,991.0,97457.0,0.0,1.0,930.0,0.0,158.0,133895.0,0.0,6.0,7082.0,0.0,0.0,0.0,0.0,0.0,0.0,0.0,0.0,0.0,0.0
여성가족부(A021),19.0,10928.0,0.0,113.0,76616.0,0.0,21.0,1830.0,0.0,18.0,300103.0,0.0,85.0,137782.0,0.0,28.0,294029.0,0.0,0.0,0.0,0.0,0.0,0.0,0.0,0.0,0.0,0.0
중소벤처기업부(A022),12.0,47424.0,0.0,31.0,11098.0,0.0,0.0,0.0,0.0,0.0,0.0,0.0,65.0,324009.0,0.0,15.0,45241.0,4.0,0.0,0.0,0.0,0.0,0.0,0.0,0.0,0.0,0.0
통일부(A023),0.0,0.0,0.0,5.0,210.0,0.0,0.0,0.0,0.0,0.0,0.0,0.0,1.0,42.0,0.0,0.0,0.0,0.0,0.0,0.0,0.0,0.0,0.0,0.0,0.0,0.0,0.0
해양수산부(A024),1385.0,284097060.0,1.0,2289.0,194058767.0,11338.0,16.0,485.0,1.0,7.0,24181.0,0.0,1602.0,193350229.0,166.0,12.0,4835.0,637.0,3.0,97.0,0.0,0.0,0.0,0.0,5.0,2350.0,450.0
행정안전부(A025),975.0,131636.0,1.0,255.0,16835149.0,1.0,237.0,49256.0,0.0,54.0,1715814.0,0.0,74.0,7824443.0,85.0,22.0,151092.0,0.0,2.0,35529.0,0.0,0.0,0.0,0.0,5.0,206.0,0.0
환경부(A026),0.0,0.0,0.0,23.0,3488.0,0.0,1.0,27.0,0.0,17.0,20811.0,0.0,44.0,27428.0,1.0,3.0,1534.0,0.0,0.0,0.0,0.0,0.0,0.0,0.0,0.0,0.0,0.0
국가보훈처(A027),0.0,0.0,0.0,562.0,15981.0,0.0,0.0,0.0,0.0,12.0,476.0,0.0,118.0,122471.0,0.0,11.0,3261.0,0.0,0.0,0.0,0.0,0.0,0.0,0.0,0.0,0.0,0.0
인사혁신처(A028),3.0,30.0,0.0,103.0,51436.0,36.0,13.0,97.0,2.0,4.0,110.0,0.0,26.0,92022.0,583.0,0.0,0.0,0.0,0.0,0.0,0.0,0.0,0.0,0.0,0.0,0.0,0.0
경찰청(A029),3.0,16.0,0.0,4491.0,7278104.0,87.0,12.0,1152.0,0.0,15.0,3457029.0,0.0,82.0,3603468.0,124737.0,4.0,10461.0,0.0,0.0,0.0,0.0,0.0,0.0,0.0,8.0,552.0,1.0
관세청(A030),8.0,5106.0,2.0,1.0,118.0,0.0,2.0,584944.0,0.0,0.0,0.0,0.0,12.0,1264426.0,0.0,0.0,0.0,0.0,0.0,0.0,0.0,0.0,0.0,0.0,0.0,0.0,0.0
국세청(A031),2137.0,13004623.0,0.0,2478.0,45862873.0,1995975.0,29.0,3680.0,0.0,0.0,0.0,0.0,45.0,12952430.0,0.0,0.0,0.0,0.0,0.0,0.0,0.0,0.0,0.0,0.0,11.0,256.0,0.0
기상청(A032),0.0,0.0,0.0,10.0,379520.0,0.0,0.0,0.0,0.0,0.0,0.0,0.0,4.0,188989.0,0.0,0.0,0.0,0.0,0.0,0.0,0.0,0.0,0.0,0.0,0.0,0.0,0.0
농촌진흥청(A033),0.0,0.0,0.0,18.0,172639.0,0.0,2.0,10.0,0.0,3.0,3876.0,0.0,21.0,37534.0,278.0,0.0,0.0,0.0,0.0,0.0,0.0,0.0,0.0,0.0,0.0,0.0,0.0
문화재청(A034),0.0,0.0,0.0,3.0,528.0,176.0,0.0,0.0,0.0,0.0,0.0,0.0,0.0,0.0,0.0,2.0,345.0,79.0,0.0,0.0,0.0,0.0,0.0,0.0,0.0,0.0,0.0
방위사업청(A035),28.0,663344.0,34.0,20.0,52162.0,0.0,20.0,202404.0,0.0,12.0,573576.0,0.0,63.0,1186091.0,21730.0,4.0,68829.0,0.0,0.0,0.0,0.0,0.0,0.0,0.0,0.0,0.0,0.0
병무청(A036),0.0,0.0,0.0,217.0,380582.0,651.0,0.0,0.0,0.0,0.0,0.0,0.0,19.0,367905.0,0.0,6.0,4186.0,0.0,0.0,0.0,0.0,0.0,0.0,0.0,0.0,0.0,0.0
산림청(A037),20.0,55058.0,0.0,121.0,173021.0,14.0,5.0,2188.0,0.0,18.0,17245.0,0.0,44.0,75727.0,0.0,7.0,3613.0,0.0,0.0,0.0,0.0,0.0,0.0,0.0,0.0,0.0,0.0
새만금개발청(A038),4.0,108.0,15.0,33.0,858.0,0.0,4.0,140.0,0.0,0.0,0.0,0.0,42.0,726.0,0.0,12.0,180.0,0.0,0.0,0.0,0.0,0.0,0.0,0.0,0.0,0.0,0.0
소방청(A039),1.0,5.0,0.0,380.0,2440759.0,306.0,1.0,17.0,0.0,1.0,689674.0,0.0,163.0,46174434.0,9887235.0,35.0,7601839.0,416778.0,1.0,2206.0,0.0,0.0,0.0,0.0,15.0,391523.0,1.0
조달청(A040),0.0,0.0,0.0,4.0,72.0,0.0,0.0,0.0,0.0,0.0,0.0,0.0,3.0,47.0,0.0,0.0,0.0,0.0,0.0,0.0,0.0,0.0,0.0,0.0,0.0,0.0,0.0
통계청(A041),6.0,7581.0,0.0,69.0,2954177.0,12575.0,14.0,89956.0,0.0,35.0,753673.0,0.0,63.0,1090776.0,9241.0,2.0,103574.0,52543.0,4.0,8095.0,0.0,0.0,0.0,0.0,0.0,0.0,0.0
특허청(A042),0.0,0.0,0.0,2.0,81.0,0.0,1.0,38.0,0.0,1.0,43.0,0.0,65.0,231523.0,2035.0,2.0,54.0,27.0,0.0,0.0,0.0,0.0,0.0,0.0,0.0,0.0,0.0
해양경찰청(A043),5.0,1199.0,0.0,462.0,228666.0,203.0,2.0,20.0,0.0,13.0,56198.0,0.0,83.0,227347.0,21.0,10.0,1226.0,6.0,0.0,0.0,0.0,0.0,0.0,0.0,0.0,0.0,0.0
행정중심복합도시건설청(A044),4.0,16.0,0.0,42.0,669.0,0.0,11.0,122.0,0.0,0.0,0.0,0.0,15.0,710.0,41.0,2.0,32.0,0.0,0.0,0.0,0.0,0.0,0.0,0.0,0.0,0.0,0.0
국민권익위원회(A045),1.0,53.0,0.0,102.0,44051.0,0.0,24.0,10674.0,0.0,0.0,0.0,0.0,1.0,6.0,0.0,0.0,0.0,0.0,0.0,0.0,0.0,0.0,0.0,0.0,0.0,0.0,0.0
방송통신위원회(A046),0.0,0.0,0.0,7.0,4836.0,0.0,0.0,0.0,0.0,0.0,0.0,0.0,6.0,22356.0,0.0,3.0,1011.0,0.0,0.0,0.0,0.0,0.0,0.0,0.0,0.0,0.0,0.0
원자력안전위원회(A047),0.0,0.0,0.0,0.0,0.0,0.0,0.0,0.0,0.0,0.0,0.0,0.0,0.0,0.0,0.0,0.0,0.0,0.0,0.0,0.0,0.0,0.0,0.0,0.0,0.0,0.0,0.0
법제처(A048),0.0,0.0,0.0,5.0,302438.0,0.0,1.0,1500.0,0.0,0.0,0.0,0.0,1.0,214923.0,0.0,0.0,0.0,0.0,0.0,0.0,0.0,0.0,0.0,0.0,0.0,0.0,0.0
외교부(A049),0.0,0.0,0.0,14.0,903.0,0.0,5.0,60.0,0.0,4.0,596.0,0.0,36.0,11280.0,982.0,4.0,1020.0,765.0,0.0,0.0,0.0,0.0,0.0,0.0,0.0,0.0,0.0
공정거래위원회(A050),0.0,0.0,0.0,0.0,0.0,0.0,0.0,0.0,0.0,0.0,0.0,0.0,0.0,0.0,0.0,0.0,0.0,0.0,0.0,0.0,0.0,0.0,0.0,0.0,0.0,0.0,0.0
강원도(B001),203.0,19220.0,0.0,429.0,5845517.0,1759.0,3.0,653.0,0.0,4.0,192.0,0.0,65.0,35506.0,5108.0,51.0,46994.0,253.0,0.0,0.0,0.0,0.0,0.0,0.0,0.0,0.0,0.0
경상남도(B003),207.0,6073350.0,71828.0,2468.0,4326060.0,351572.0,65.0,42955.0,436.0,77.0,153476.0,115.0,559.0,4553510.0,971256.0,221.0,140100.0,47095.0,18.0,23239.0,130.0,2.0,1.0,0.0,37.0,1177.0,145.0
경상북도(B004),56.0,15017.0,4.0,764.0,205212.0,400.0,6.0,1120.0,0.0,12.0,22815.0,0.0,181.0,79284.0,1511.0,120.0,24384.0,109.0,0.0,0.0,0.0,0.0,0.0,0.0,0.0,0.0,0.0
광주광역시(B005),166.0,5351.0,0.0,3463.0,524095.0,4620.0,79.0,66351.0,6.0,28.0,13874.0,0.0,375.0,170960.0,12833.0,196.0,26743.0,57.0,41.0,791.0,1.0,1.0,10.0,0.0,95.0,963.0,16.0
대구광역시(B006),201.0,14255.0,29.0,2878.0,58950287.0,557.0,190.0,1995.0,2.0,20.0,28835.0,107.0,178.0,4727172.0,13382.0,148.0,104262.0,241.0,1.0,4442.0,0.0,0.0,0.0,0.0,552.0,71611.0,0.0
대전광역시(B007),811.0,57002.0,999.0,1319.0,142452.0,2808.0,43.0,1919.0,153.0,62.0,30316.0,0.0,387.0,142085.0,15944.0,319.0,39182.0,342.0,34.0,2761.0,0.0,1.0,16.0,0.0,35.0,698.0,0.0
부산광역시(B008),211.0,409098.0,56564.0,681.0,4359108.0,10981.0,32.0,84641.0,83.0,35.0,16097.0,0.0,260.0,4825412.0,1127735.0,80.0,17328.0,4.0,0.0,0.0,0.0,0.0,0.0,0.0,0.0,0.0,0.0
서울특별시(B009),0.0,0.0,0.0,103.0,159878.0,0.0,3.0,314.0,286.0,0.0,0.0,0.0,8.0,110916.0,0.0,3.0,2212.0,0.0,0.0,0.0,0.0,0.0,0.0,0.0,0.0,0.0,0.0
세종특별자치시(B010),64.0,1951.0,237.0,138.0,42817.0,1129.0,3.0,285.0,0.0,37.0,3835.0,0.0,176.0,47502.0,3.0,78.0,37566.0,128.0,0.0,0.0,0.0,0.0,0.0,0.0,0.0,0.0,0.0
울산광역시(B011),103.0,21479.0,55.0,521.0,49509.0,379.0,28.0,164.0,21.0,40.0,7869.0,9.0,206.0,104637.0,59.0,113.0,118909.0,57.0,0.0,0.0,0.0,0.0,0.0,0.0,0.0,0.0,0.0
인천광역시(B012),442.0,3285970.0,47.0,4022.0,5658352.0,7988.0,266.0,11559.0,0.0,54.0,52946.0,0.0,399.0,3948264.0,56939.0,138.0,88571.0,16.0,25.0,2858.0,6.0,0.0,0.0,0.0,47.0,13048.0,32.0
전라남도(B013),39.0,74195.0,1.0,933.0,148748.0,517.0,6.0,100.0,1.0,17.0,3449.0,4.0,319.0,250962.0,1769.0,159.0,33747.0,47.0,0.0,0.0,0.0,0.0,0.0,0.0,0.0,0.0,0.0
전라북도(B014),268.0,5109.0,1.0,3991.0,295207.0,1832.0,449.0,9497.0,0.0,121.0,41222.0,0.0,371.0,205171.0,10.0,178.0,31155.0,77.0,11.0,246.0,2.0,0.0,0.0,0.0,36.0,407.0,0.0
제주특별자치도(B015),271.0,3414114.0,0.0,2393.0,28346182.0,38.0,91.0,1741.0,0.0,80.0,7593.0,78.0,1523.0,22694610.0,168.0,380.0,37190.0,2.0,33.0,2993.0,6.0,1.0,3.0,0.0,0.0,0.0,0.0
충청남도(B016),32.0,1098.0,0.0,631.0,2670105.0,1194.0,31.0,177121.0,9.0,12.0,2566.0,0.0,131.0,2299311.0,404.0,55.0,17309.0,14.0,6.0,732.0,42.0,0.0,0.0,0.0,3.0,59.0,2.0
충청북도(B017),96.0,390226.0,10.0,5982.0,4009638.0,649.0,122.0,19474.0,0.0,136.0,1035452.0,669.0,543.0,6667843.0,9929.0,304.0,109712.0,823.0,25.0,12489.0,0.0,0.0,0.0,0.0,163.0,5043.0,4.0
강원도 강릉시(C001),79.0,99520.0,0.0,220.0,119008.0,0.0,20.0,481.0,0.0,37.0,3699.0,0.0,269.0,198917.0,364.0,96.0,23458.0,1.0,0.0,0.0,0.0,0.0,0.0,0.0,0.0,0.0,0.0
강원도 고성군(C002),53.0,50169.0,0.0,74.0,52137.0,150.0,0.0,0.0,0.0,13.0,51.0,0.0,161.0,104966.0,0.0,43.0,1204.0,0.0,0.0,0.0,0.0,0.0,0.0,0.0,0.0,0.0,0.0
강원도 동해시(C003),86.0,3928.0,62.0,254.0,19372.0,36.0,6.0,2526.0,0.0,38.0,5188.0,0.0,288.0,42806.0,418.0,92.0,17641.0,1090.0,0.0,0.0,0.0,0.0,0.0,0.0,0.0,0.0,0.0
강원도 삼척시(C004),33.0,792.0,168.0,226.0,11740.0,178.0,0.0,0.0,0.0,31.0,825.0,0.0,202.0,25614.0,418.0,79.0,15700.0,214.0,0.0,0.0,0.0,0.0,0.0,0.0,0.0,0.0,0.0
강원도 속초시(C005),23.0,3417.0,0.0,40.0,3832.0,250.0,0.0,0.0,0.0,10.0,90.0,0.0,75.0,11163.0,2893.0,38.0,7546.0,1.0,0.0,0.0,0.0,0.0,0.0,0.0,0.0,0.0,0.0
강원도 양구군(C006),48.0,165.0,0.0,74.0,558.0,0.0,0.0,0.0,0.0,24.0,61.0,1.0,150.0,1319.0,0.0,44.0,462.0,0.0,0.0,0.0,0.0,0.0,0.0,0.0,0.0,0.0,0.0
강원도 양양군(C007),74.0,17068.0,0.0,102.0,29940.0,0.0,3.0,266.0,0.0,11.0,310.0,0.0,117.0,31780.0,14072.0,40.0,2531.0,126.0,0.0,0.0,0.0,0.0,0.0,0.0,0.0,0.0,0.0
강원도 영월군(C008),121.0,68301.0,843.0,127.0,105211.0,240.0,4.0,274.0,0.0,30.0,800.0,0.0,191.0,147836.0,64396.0,70.0,15141.0,32.0,0.0,0.0,0.0,0.0,0.0,0.0,0.0,0.0,0.0
강원도 원주시(C009),69.0,65605.0,0.0,362.0,78837.0,0.0,8.0,24270.0,0.0,25.0,22523.0,0.0,383.0,110178.0,2.0,306.0,89490.0,17.0,10.0,480.0,0.0,3.0,13.0,0.0,0.0,0.0,0.0
강원도 인제군(C010),71.0,1675.0,0.0,101.0,4082.0,0.0,2.0,225.0,0.0,22.0,1029.0,0.0,149.0,4383.0,0.0,49.0,1539.0,0.0,0.0,0.0,0.0,0.0,0.0,0.0,0.0,0.0,0.0
강원도 정선군(C011),32.0,268.0,0.0,63.0,997.0,0.0,0.0,0.0,0.0,30.0,1720.0,0.0,152.0,4315.0,0.0,43.0,2486.0,0.0,0.0,0.0,0.0,0.0,0.0,0.0,0.0,0.0,0.0
강원도 철원군(C012),70.0,147879.0,0.0,137.0,57672.0,189.0,0.0,0.0,0.0,24.0,302.0,0.0,152.0,10045.0,5.0,70.0,8396.0,5.0,0.0,0.0,0.0,0.0,0.0,0.0,0.0,0.0,0.0
강원도 춘천시(C013),62.0,213550.0,83.0,203.0,477630.0,3.0,2.0,896.0,0.0,31.0,22521.0,9.0,256.0,502293.0,2.0,72.0,23851.0,390.0,0.0,0.0,0.0,0.0,0.0,0.0,0.0,0.0,0.0
강원도 태백시(C014),51.0,2186.0,0.0,79.0,5814.0,0.0,0.0,0.0,0.0,30.0,434.0,0.0,127.0,10716.0,2889.0,49.0,5926.0,119.0,0.0,0.0,0.0,0.0,0.0,0.0,0.0,0.0,0.0
강원도 평창군(C015),53.0,3303.0,0.0,91.0,27541.0,0.0,3.0,265.0,0.0,27.0,951.0,0.0,176.0,26730.0,0.0,51.0,10191.0,0.0,0.0,0.0,0.0,0.0,0.0,0.0,0.0,0.0,0.0
강원도 홍천군(C016),59.0,2295.0,23.0,134.0,7600.0,23.0,1.0,9.0,0.0,29.0,309.0,51.0,141.0,8387.0,967.0,57.0,6123.0,790.0,0.0,0.0,0.0,0.0,0.0,0.0,0.0,0.0,0.0
강원도 화천군(C017),41.0,13271.0,0.0,185.0,21656.0,0.0,0.0,0.0,0.0,31.0,3045.0,0.0,119.0,7485.0,3077.0,52.0,4914.0,1804.0,0.0,0.0,0.0,0.0,0.0,0.0,0.0,0.0,0.0
강원도 횡성군(C018),45.0,1954.0,0.0,59.0,8288.0,0.0,0.0,0.0,0.0,14.0,212.0,0.0,136.0,12044.0,0.0,48.0,10481.0,25.0,0.0,0.0,0.0,0.0,0.0,0.0,0.0,0.0,0.0
경기도 가평군(C019),70.0,26290.0,0.0,186.0,97901.0,1281.0,1.0,3.0,0.0,21.0,321.0,0.0,167.0,179684.0,39466.0,67.0,12044.0,87.0,0.0,0.0,0.0,0.0,0.0,0.0,0.0,0.0,0.0
경기도 고양시(C020),91.0,818963.0,61420.0,378.0,910033.0,254.0,5.0,984.0,0.0,13.0,2646.0,3.0,225.0,1616225.0,748569.0,127.0,48532.0,6484.0,5.0,332.0,11.0,0.0,0.0,0.0,2.0,78.0,6.0
경기도 과천시(C021),33.0,490.0,0.0,75.0,2479.0,53.0,1.0,36.0,7.0,14.0,508.0,0.0,153.0,9549.0,244.0,64.0,3266.0,0.0,0.0,0.0,0.0,0.0,0.0,0.0,0.0,0.0,0.0
경기도 광명시(C022),33.0,444.0,0.0,99.0,5648.0,0.0,0.0,0.0,0.0,35.0,4010.0,0.0,199.0,11011.0,98.0,59.0,6800.0,0.0,0.0,0.0,0.0,0.0,0.0,0.0,0.0,0.0,0.0
경기도 광주시(C023),73.0,198216.0,97.0,455.0,8808274.0,1744.0,2.0,42.0,0.0,29.0,96382.0,0.0,359.0,4985236.0,456.0,103.0,36892.0,518.0,0.0,0.0,0.0,0.0,0.0,0.0,0.0,0.0,0.0
경기도 구리시(C024),93.0,147983.0,69.0,307.0,574010.0,473.0,10.0,333.0,0.0,23.0,1162.0,0.0,352.0,1098632.0,198.0,114.0,18071.0,5267.0,7.0,822.0,66.0,0.0,0.0,0.0,2.0,2.0,0.0
경기도 군포시(C025),53.0,2115.0,0.0,135.0,21746.0,1.0,2.0,2116.0,0.0,32.0,38456.0,0.0,206.0,31866.0,26.0,62.0,14158.0,7.0,2.0,428.0,0.0,0.0,0.0,0.0,1.0,993.0,0.0
경기도 김포시(C026),62.0,1980.0,0.0,184.0,67396.0,5.0,0.0,0.0,0.0,27.0,67651.0,0.0,280.0,87455.0,52.0,96.0,46207.0,145.0,0.0,0.0,0.0,0.0,0.0,0.0,0.0,0.0,0.0
경기도 남양주시(C027),86.0,216645.0,2.0,217.0,459343.0,126.0,1.0,16.0,0.0,20.0,24981.0,0.0,229.0,83726.0,530.0,71.0,35871.0,0.0,0.0,0.0,0.0,0.0,0.0,0.0,0.0,0.0,0.0
경기도 동두천시(C028),80.0,66537.0,0.0,782.0,107746.0,298.0,19.0,998.0,0.0,46.0,13969.0,0.0,469.0,183603.0,1739.0,270.0,29972.0,65.0,0.0,0.0,0.0,0.0,0.0,0.0,0.0,0.0,0.0
경기도 부천시(C029),95.0,293079.0,6285.0,381.0,327662.0,2101.0,22.0,1624.0,11.0,27.0,1898.0,0.0,288.0,178977.0,2220.0,150.0,57305.0,1198.0,0.0,0.0,0.0,0.0,0.0,0.0,0.0,0.0,0.0
경기도 성남시(C030),169.0,743938.0,9.0,2119.0,2342662.0,396.0,25.0,11907.0,4.0,69.0,27610.0,0.0,1024.0,2532648.0,64941.0,343.0,97007.0,57.0,102.0,34811.0,1.0,2.0,1121.0,0.0,257.0,13447.0,136.0
경기도 수원시(C031),98.0,1783011.0,0.0,393.0,2146785.0,5.0,5.0,2143.0,0.0,49.0,216647.0,0.0,361.0,2466899.0,126.0,115.0,82255.0,0.0,8.0,240.0,0.0,1.0,4.0,0.0,13.0,1127.0,0.0
경기도 시흥시(C032),52.0,489.0,0.0,157.0,52573.0,0.0,5.0,561.0,0.0,14.0,705.0,0.0,186.0,63457.0,56.0,73.0,43284.0,4.0,0.0,0.0,0.0,0.0,0.0,0.0,0.0,0.0,0.0
경기도 안산시(C033),121.0,715747.0,1736.0,226.0,1335423.0,860.0,10.0,628.0,0.0,37.0,150948.0,0.0,389.0,2281773.0,150705.0,84.0,44574.0,9.0,0.0,0.0,0.0,0.0,0.0,0.0,0.0,0.0,0.0
경기도 안성시(C034),35.0,1152.0,4.0,118.0,21818.0,0.0,0.0,0.0,0.0,20.0,589.0,0.0,182.0,26038.0,16.0,69.0,23796.0,192.0,0.0,0.0,0.0,0.0,0.0,0.0,0.0,0.0,0.0
경기도 안양시(C035),301.0,396731.0,0.0,306.0,1183616.0,1.0,22.0,1440.0,0.0,11.0,1473.0,0.0,214.0,3491581.0,352.0,85.0,13692.0,68.0,1.0,724.0,0.0,0.0,0.0,0.0,11.0,371.0,0.0
경기도 양주시(C036),360.0,510628.0,0.0,582.0,1284260.0,0.0,26.0,21020.0,0.0,52.0,94179.0,0.0,452.0,1969326.0,1669.0,148.0,44986.0,0.0,0.0,0.0,0.0,0.0,0.0,0.0,0.0,0.0,0.0
경기도 양평군(C037),65.0,164888.0,48.0,149.0,281036.0,0.0,7.0,980.0,0.0,35.0,1477.0,0.0,250.0,338802.0,0.0,110.0,21389.0,0.0,0.0,0.0,0.0,0.0,0.0,0.0,0.0,0.0,0.0
경기도 여주시(C038),58.0,177973.0,10138.0,213.0,178620.0,107.0,3.0,304.0,0.0,31.0,2028.0,0.0,270.0,363402.0,5.0,93.0,18096.0,3417.0,0.0,0.0,0.0,0.0,0.0,0.0,0.0,0.0,0.0
경기도 연천군(C039),55.0,222092.0,29.0,288.0,12254.0,579.0,2.0,84.0,0.0,24.0,306.0,0.0,174.0,9416.0,95.0,69.0,6186.0,2.0,0.0,0.0,0.0,0.0,0.0,0.0,0.0,0.0,0.0
경기도 오산시(C040),72.0,1107299.0,0.0,106.0,97992.0,83.0,0.0,0.0,0.0,36.0,24046.0,0.0,177.0,1141855.0,1627.0,55.0,77835.0,2669.0,0.0,0.0,0.0,0.0,0.0,0.0,0.0,0.0,0.0
경기도 용인시(C041),23.0,17242.0,0.0,235.0,104772.0,1357.0,0.0,0.0,0.0,23.0,53066.0,0.0,195.0,50855.0,1015.0,121.0,45317.0,156.0,0.0,0.0,0.0,0.0,0.0,0.0,0.0,0.0,0.0
경기도 의왕시(C042),37.0,2179.0,0.0,138.0,3923.0,0.0,0.0,0.0,0.0,33.0,857.0,1.0,206.0,15994.0,0.0,61.0,4772.0,0.0,0.0,0.0,0.0,0.0,0.0,0.0,0.0,0.0,0.0
경기도 의정부시(C043),64.0,50031.0,0.0,166.0,277859.0,56.0,24.0,1176.0,0.0,52.0,59987.0,0.0,228.0,214965.0,147.0,74.0,12994.0,0.0,0.0,0.0,0.0,0.0,0.0,0.0,0.0,0.0,0.0
경기도 이천시(C044),78.0,432932.0,0.0,218.0,4941631.0,0.0,4.0,333.0,0.0,66.0,645970.0,0.0,275.0,4378833.0,11879.0,69.0,33256.0,0.0,0.0,0.0,0.0,0.0,0.0,0.0,0.0,0.0,0.0
경기도 파주시(C045),81.0,412466.0,0.0,225.0,814378.0,111.0,3.0,333.0,0.0,35.0,16116.0,0.0,266.0,1130687.0,95.0,73.0,18704.0,2.0,0.0,0.0,0.0,0.0,0.0,0.0,0.0,0.0,0.0
경기도 평택시(C046),36.0,65902.0,4.0,144.0,294737.0,0.0,0.0,0.0,0.0,19.0,1507.0,0.0,223.0,1506913.0,45111.0,58.0,45278.0,13.0,0.0,0.0,0.0,0.0,0.0,0.0,0.0,0.0,0.0
경기도 포천시(C047),108.0,597220.0,23.0,358.0,329996.0,0.0,4.0,333.0,0.0,27.0,255739.0,106.0,299.0,1524699.0,823.0,95.0,24154.0,430.0,0.0,0.0,0.0,0.0,0.0,0.0,0.0,0.0,0.0
경기도 하남시(C048),90.0,587374.0,0.0,140.0,377411.0,178.0,5.0,310.0,5.0,24.0,1743.0,0.0,209.0,575872.0,3314.0,66.0,10106.0,0.0,0.0,0.0,0.0,0.0,0.0,0.0,0.0,0.0,0.0
경기도 화성시(C049),42.0,25201.0,0.0,506.0,86463.0,798.0,20.0,1897.0,0.0,22.0,15184.0,0.0,266.0,135230.0,6037.0,81.0,7486.0,507.0,0.0,0.0,0.0,0.0,0.0,0.0,0.0,0.0,0.0
경상남도 거제시(C050),53.0,7633.0,0.0,211.0,34445.0,0.0,0.0,0.0,0.0,13.0,531.0,0.0,306.0,112393.0,0.0,129.0,22248.0,5.0,0.0,0.0,0.0,0.0,0.0,0.0,0.0,0.0,0.0
경상남도 거창군(C051),79.0,26604.0,0.0,140.0,18979.0,0.0,3.0,296.0,0.0,33.0,5697.0,0.0,205.0,55131.0,6576.0,60.0,10021.0,3.0,0.0,0.0,0.0,0.0,0.0,0.0,0.0,0.0,0.0
경상남도 고성군(C052),52.0,144.0,0.0,67.0,6129.0,0.0,0.0,0.0,0.0,12.0,50.0,0.0,126.0,6901.0,0.0,39.0,5514.0,0.0,0.0,0.0,0.0,0.0,0.0,0.0,0.0,0.0,0.0
경상남도 김해시(C053),76.0,1921.0,6.0,432.0,1049368.0,32.0,7.0,120314.0,0.0,57.0,64605.0,0.0,264.0,219057.0,11969.0,148.0,59108.0,322.0,0.0,0.0,0.0,0.0,0.0,0.0,0.0,0.0,0.0
경상남도 남해군(C054),52.0,152.0,0.0,217.0,21268.0,219.0,4.0,5232.0,0.0,36.0,2997.0,0.0,220.0,58620.0,116.0,102.0,12821.0,219.0,0.0,0.0,0.0,0.0,0.0,0.0,0.0,0.0,0.0
경상남도 밀양시(C055),63.0,2026617.0,36594.0,149.0,15101.0,26.0,0.0,0.0,0.0,17.0,677167.0,0.0,137.0,2420970.0,129.0,60.0,12950.0,2.0,0.0,0.0,0.0,0.0,0.0,0.0,0.0,0.0,0.0
경상남도 사천시(C056),74.0,224193.0,9.0,137.0,19069.0,2454.0,6.0,6061.0,0.0,14.0,710.0,0.0,202.0,40173.0,2.0,60.0,15480.0,779.0,0.0,0.0,0.0,0.0,0.0,0.0,0.0,0.0,0.0
경상남도 산청군(C057),66.0,64228.0,0.0,82.0,72706.0,23.0,3.0,250.0,0.0,18.0,489.0,0.0,225.0,86950.0,1772.0,73.0,9940.0,3.0,0.0,0.0,0.0,0.0,0.0,0.0,0.0,0.0,0.0
경상남도 양산시(C058),93.0,10787.0,2.0,2698.0,435379.0,43.0,23.0,451.0,0.0,45.0,13765.0,0.0,608.0,52737.0,13178.0,159.0,41896.0,56.0,64.0,2614.0,53.0,2.0,205.0,0.0,97.0,729.0,0.0
경상남도 의령군(C059),25.0,1163.0,0.0,135.0,10496.0,6.0,0.0,0.0,0.0,26.0,73.0,0.0,227.0,17420.0,0.0,84.0,8262.0,0.0,0.0,0.0,0.0,0.0,0.0,0.0,0.0,0.0,0.0
경상남도 진주시(C060),74.0,28913.0,9.0,715.0,4362226.0,0.0,4.0,332.0,0.0,17.0,2432.0,0.0,271.0,2126730.0,37429.0,87.0,39170.0,38.0,0.0,0.0,0.0,0.0,0.0,0.0,0.0,0.0,0.0
경상남도 창녕군(C061),50.0,339.0,0.0,100.0,22921.0,0.0,3.0,24.0,0.0,16.0,190.0,0.0,160.0,17413.0,0.0,63.0,8670.0,2.0,0.0,0.0,0.0,0.0,0.0,0.0,0.0,0.0,0.0
경상남도 창원시(C062),77.0,167578.0,205.0,661.0,652943.0,583.0,3.0,1522.0,0.0,41.0,88275.0,496.0,225.0,2067429.0,925.0,120.0,64786.0,119.0,2.0,1325.0,410.0,0.0,0.0,0.0,1.0,36.0,0.0
경상남도 통영시(C063),77.0,120390.0,1.0,182.0,204797.0,0.0,3.0,293.0,0.0,43.0,30400.0,0.0,225.0,655434.0,0.0,52.0,12084.0,0.0,0.0,0.0,0.0,0.0,0.0,0.0,0.0,0.0,0.0
경상남도 하동군(C064),30.0,1758.0,99.0,140.0,1946.0,390.0,0.0,0.0,0.0,28.0,895.0,0.0,156.0,4514.0,93.0,69.0,2395.0,0.0,0.0,0.0,0.0,0.0,0.0,0.0,0.0,0.0,0.0
경상남도 함안군(C065),25.0,345.0,0.0,98.0,13666.0,213.0,0.0,0.0,0.0,10.0,1870.0,0.0,132.0,16601.0,1.0,47.0,7316.0,74.0,0.0,0.0,0.0,0.0,0.0,0.0,0.0,0.0,0.0
경상남도 함양군(C066),75.0,64183.0,0.0,71.0,70012.0,0.0,3.0,81.0,0.0,9.0,165.0,0.0,169.0,144285.0,100.0,53.0,7688.0,2.0,0.0,0.0,0.0,0.0,0.0,0.0,0.0,0.0,0.0
경상남도 합천군(C067),54.0,338.0,0.0,85.0,21101.0,0.0,0.0,0.0,0.0,24.0,350.0,0.0,168.0,14337.0,0.0,53.0,5329.0,0.0,0.0,0.0,0.0,0.0,0.0,0.0,0.0,0.0,0.0
경상북도 경산시(C068),57.0,10118.0,62.0,84.0,221998.0,218.0,1.0,23.0,0.0,17.0,557.0,0.0,171.0,460741.0,11.0,52.0,33111.0,1.0,0.0,0.0,0.0,0.0,0.0,0.0,0.0,0.0,0.0
경상북도 경주시(C069),64.0,169235.0,0.0,98.0,54962.0,7.0,2.0,7125.0,0.0,15.0,479.0,0.0,196.0,299594.0,85.0,52.0,19160.0,0.0,0.0,0.0,0.0,0.0,0.0,0.0,0.0,0.0,0.0
경상북도 고령군(C070),44.0,1749.0,0.0,60.0,1470.0,0.0,0.0,0.0,0.0,15.0,119.0,0.0,86.0,3076.0,2.0,39.0,2095.0,3.0,0.0,0.0,0.0,0.0,0.0,0.0,0.0,0.0,0.0
경상북도 구미시(C071),149.0,405176.0,53292.0,633.0,736110.0,2843.0,4.0,457.0,0.0,52.0,2624391.0,0.0,379.0,1303880.0,6154.0,170.0,86067.0,1343.0,0.0,0.0,0.0,0.0,0.0,0.0,0.0,0.0,0.0
경상북도 군위군(C072),67.0,1129.0,0.0,78.0,9125.0,0.0,3.0,244.0,0.0,14.0,326.0,0.0,109.0,8731.0,426.0,53.0,1132.0,0.0,0.0,0.0,0.0,0.0,0.0,0.0,0.0,0.0,0.0
경상북도 김천시(C073),48.0,57.0,0.0,92.0,17547.0,0.0,0.0,0.0,0.0,30.0,379.0,0.0,147.0,30856.0,9296.0,57.0,12381.0,1.0,0.0,0.0,0.0,0.0,0.0,0.0,0.0,0.0,0.0
경상북도 문경시(C074),71.0,135112.0,352.0,118.0,217996.0,0.0,4.0,267.0,0.0,18.0,635.0,0.0,175.0,412379.0,225337.0,62.0,6646.0,170.0,0.0,0.0,0.0,0.0,0.0,0.0,0.0,0.0,0.0
경상북도 봉화군(C075),45.0,51687.0,3.0,68.0,59785.0,56.0,4.0,263.0,0.0,22.0,451.0,0.0,122.0,113471.0,0.0,42.0,6882.0,0.0,0.0,0.0,0.0,0.0,0.0,0.0,0.0,0.0,0.0
경상북도 상주시(C076),78.0,230679.0,33.0,238.0,137566.0,2340.0,4.0,53686.0,0.0,53.0,62831.0,4.0,236.0,672086.0,354044.0,68.0,19544.0,0.0,0.0,0.0,0.0,0.0,0.0,0.0,0.0,0.0,0.0
경상북도 성주군(C077),41.0,2787.0,327.0,136.0,10085.0,323.0,3.0,252.0,0.0,21.0,388.0,0.0,121.0,12770.0,0.0,43.0,10154.0,0.0,0.0,0.0,0.0,0.0,0.0,0.0,0.0,0.0,0.0
경상북도 안동시(C078),34.0,872612.0,0.0,148.0,1036894.0,723.0,0.0,0.0,0.0,16.0,515.0,0.0,147.0,1772632.0,160340.0,63.0,17643.0,10.0,0.0,0.0,0.0,0.0,0.0,0.0,0.0,0.0,0.0
경상북도 영덕군(C079),50.0,201.0,0.0,288.0,22806.0,1033.0,0.0,0.0,0.0,37.0,420.0,0.0,170.0,22576.0,13.0,61.0,8223.0,0.0,0.0,0.0,0.0,0.0,0.0,0.0,0.0,0.0,0.0
경상북도 영양군(C080),49.0,24004.0,79.0,85.0,34626.0,90.0,3.0,212.0,0.0,16.0,315.0,0.0,142.0,62986.0,25485.0,45.0,4825.0,53.0,0.0,0.0,0.0,0.0,0.0,0.0,0.0,0.0,0.0
경상북도 영주시(C081),69.0,254414.0,0.0,151.0,28820.0,0.0,2.0,27.0,0.0,21.0,514.0,0.0,163.0,104996.0,0.0,65.0,13551.0,0.0,0.0,0.0,0.0,0.0,0.0,0.0,0.0,0.0,0.0
경상북도 영천시(C082),53.0,972.0,0.0,117.0,19145.0,0.0,0.0,0.0,0.0,15.0,326.0,44.0,134.0,20103.0,0.0,70.0,15773.0,1679.0,0.0,0.0,0.0,0.0,0.0,0.0,0.0,0.0,0.0
경상북도 예천군(C083),32.0,224.0,0.0,84.0,17310.0,7.0,0.0,0.0,0.0,17.0,101.0,0.0,127.0,19376.0,1936.0,52.0,13355.0,1.0,0.0,0.0,0.0,0.0,0.0,0.0,0.0,0.0,0.0
경상북도 울릉군(C084),31.0,182.0,0.0,37.0,1091.0,0.0,0.0,0.0,0.0,6.0,16.0,0.0,73.0,617.0,0.0,23.0,221.0,1.0,0.0,0.0,0.0,0.0,0.0,0.0,0.0,0.0,0.0
경상북도 울진군(C085),92.0,1151473.0,48.0,303.0,121221.0,33.0,3.0,265.0,0.0,39.0,2775.0,0.0,268.0,2349963.0,3.0,84.0,15353.0,0.0,0.0,0.0,0.0,0.0,0.0,0.0,0.0,0.0,0.0
경상북도 의성군(C086),55.0,2742.0,0.0,149.0,1774.0,0.0,0.0,0.0,0.0,23.0,1280.0,0.0,186.0,7658.0,0.0,53.0,3630.0,0.0,0.0,0.0,0.0,0.0,0.0,0.0,0.0,0.0,0.0
경상북도 청도군(C087),72.0,66062.0,166.0,102.0,139443.0,2.0,3.0,253.0,0.0,16.0,1157.0,0.0,159.0,143097.0,65006.0,59.0,8891.0,2.0,0.0,0.0,0.0,0.0,0.0,0.0,0.0,0.0,0.0
경상북도 청송군(C088),43.0,46124.0,0.0,74.0,52669.0,15.0,2.0,211.0,0.0,11.0,484.0,0.0,113.0,98835.0,45251.0,40.0,5724.0,0.0,0.0,0.0,0.0,0.0,0.0,0.0,0.0,0.0,0.0
경상북도 칠곡군(C089),56.0,3178.0,0.0,90.0,10594.0,12.0,0.0,0.0,0.0,11.0,362.0,0.0,169.0,10687.0,4.0,57.0,12103.0,3.0,0.0,0.0,0.0,0.0,0.0,0.0,0.0,0.0,0.0
경상북도 포항시(C090),90.0,17627.0,0.0,228.0,127718.0,87.0,7.0,758.0,0.0,45.0,14906.0,17.0,291.0,142740.0,5775.0,91.0,53335.0,1.0,0.0,0.0,0.0,0.0,0.0,0.0,0.0,0.0,0.0
광주광역시 광산구(C091),128.0,839926.0,1011.0,440.0,1164755.0,1526.0,29.0,6853.0,0.0,68.0,11235.0,0.0,523.0,2339991.0,50980.0,96.0,542147.0,9567.0,0.0,0.0,0.0,0.0,0.0,0.0,0.0,0.0,0.0
광주광역시 남구(C092),56.0,28999.0,28506.0,105.0,2963.0,221.0,0.0,0.0,0.0,29.0,2322.0,0.0,142.0,43146.0,5.0,43.0,2604.0,1.0,0.0,0.0,0.0,0.0,0.0,0.0,0.0,0.0,0.0
광주광역시 동구(C093),67.0,993.0,0.0,139.0,5084.0,0.0,0.0,0.0,0.0,24.0,250281.0,0.0,305.0,798951.0,920.0,101.0,15007.0,0.0,0.0,0.0,0.0,0.0,0.0,0.0,0.0,0.0,0.0
광주광역시 북구(C094),57.0,172626.0,344.0,127.0,198441.0,12.0,0.0,0.0,0.0,29.0,2832.0,0.0,226.0,909869.0,38803.0,67.0,23292.0,220.0,0.0,0.0,0.0,0.0,0.0,0.0,0.0,0.0,0.0
광주광역시 서구(C095),77.0,874422.0,241.0,220.0,1462712.0,409.0,2.0,88999.0,0.0,58.0,550575.0,0.0,305.0,2103840.0,665709.0,94.0,131990.0,2801.0,0.0,0.0,0.0,0.0,0.0,0.0,0.0,0.0,0.0
대구광역시 남구(C096),68.0,99573.0,0.0,125.0,113755.0,59.0,4.0,283.0,0.0,17.0,632.0,0.0,228.0,561425.0,10340.0,78.0,15906.0,0.0,0.0,0.0,0.0,0.0,0.0,0.0,0.0,0.0,0.0
대구광역시 달서구(C097),69.0,309367.0,0.0,292.0,303622.0,516.0,6.0,352.0,11.0,18.0,826.0,0.0,280.0,995640.0,2077.0,80.0,41638.0,2.0,0.0,0.0,0.0,0.0,0.0,0.0,0.0,0.0,0.0
대구광역시 달성군(C098),45.0,651.0,21.0,150.0,37762.0,15.0,0.0,0.0,0.0,18.0,297.0,0.0,135.0,537197.0,1.0,63.0,12957.0,52.0,0.0,0.0,0.0,0.0,0.0,0.0,0.0,0.0,0.0
대구광역시 동구(C099),71.0,181377.0,0.0,108.0,199233.0,0.0,3.0,289.0,0.0,13.0,553.0,0.0,162.0,2726293.0,0.0,124.0,25702.0,0.0,0.0,0.0,0.0,0.0,0.0,0.0,0.0,0.0,0.0
대구광역시 북구(C100),101.0,201507.0,5.0,157.0,230597.0,2.0,22.0,544.0,0.0,22.0,931.0,0.0,304.0,2608598.0,0.0,92.0,30781.0,17.0,0.0,0.0,0.0,0.0,0.0,0.0,0.0,0.0,0.0
대구광역시 서구(C101),76.0,6988.0,2.0,207.0,22852.0,2.0,5.0,410.0,0.0,17.0,1072.0,0.0,209.0,486236.0,40120.0,84.0,20107.0,0.0,0.0,0.0,0.0,0.0,0.0,0.0,0.0,0.0,0.0
대구광역시 수성구(C102),73.0,53623.0,0.0,321.0,88798.0,0.0,24.0,759.0,0.0,20.0,2749.0,0.0,216.0,3372388.0,0.0,106.0,61819.0,0.0,0.0,0.0,0.0,0.0,0.0,0.0,0.0,0.0,0.0
대구광역시 중구(C103),65.0,165180.0,0.0,111.0,173093.0,1.0,4.0,282.0,0.0,16.0,1183.0,0.0,183.0,1296134.0,6415.0,61.0,7957.0,10.0,0.0,0.0,0.0,0.0,0.0,0.0,0.0,0.0,0.0
대전광역시 대덕구(C104),126.0,3442.0,0.0,96.0,8743.0,0.0,3.0,299.0,0.0,25.0,2823.0,0.0,206.0,25620.0,0.0,60.0,11694.0,2.0,0.0,0.0,0.0,0.0,0.0,0.0,0.0,0.0,0.0
대전광역시 동구(C105),73.0,235141.0,53205.0,107.0,1534535.0,216.0,3.0,316.0,0.0,18.0,19556.0,0.0,153.0,586019.0,18937.0,76.0,16779.0,76.0,0.0,0.0,0.0,0.0,0.0,0.0,0.0,0.0,0.0
대전광역시 서구(C106),69.0,1218.0,3.0,401.0,25071.0,5.0,9.0,528.0,0.0,18.0,1374.0,0.0,260.0,289758.0,38.0,79.0,17367.0,3.0,0.0,0.0,0.0,0.0,0.0,0.0,0.0,0.0,0.0
대전광역시 유성구(C107),60.0,275245.0,204.0,76.0,283522.0,3.0,4.0,345.0,0.0,8.0,622.0,0.0,167.0,1777037.0,275828.0,54.0,11839.0,27.0,0.0,0.0,0.0,0.0,0.0,0.0,0.0,0.0,0.0
대전광역시 중구(C108),71.0,133403.0,0.0,97.0,141245.0,51.0,0.0,0.0,0.0,14.0,387.0,0.0,167.0,276678.0,37.0,72.0,13113.0,241.0,0.0,0.0,0.0,0.0,0.0,0.0,0.0,0.0,0.0
부산광역시 강서구(C109),88.0,192901.0,3.0,348.0,189760.0,0.0,629.0,17627.0,0.0,15.0,583.0,0.0,168.0,161477.0,114013.0,83.0,12877.0,0.0,0.0,0.0,0.0,0.0,0.0,0.0,0.0,0.0,0.0
부산광역시 금정구(C110),77.0,114452.0,0.0,215.0,125142.0,0.0,3.0,308.0,0.0,22.0,863.0,0.0,194.0,142474.0,41.0,83.0,14549.0,0.0,0.0,0.0,0.0,0.0,0.0,0.0,0.0,0.0,0.0
부산광역시 기장군(C111),43.0,534.0,0.0,434.0,24918.0,0.0,11.0,312.0,0.0,10.0,376.0,0.0,225.0,82532.0,64.0,106.0,16379.0,2329.0,0.0,0.0,0.0,0.0,0.0,0.0,0.0,0.0,0.0
부산광역시 남구(C112),87.0,31648.0,25196.0,1196.0,37093.0,1477.0,84.0,1010.0,35.0,27.0,1060.0,75.0,277.0,70763.0,15624.0,166.0,19753.0,1644.0,30.0,1272.0,18.0,1.0,5.0,0.0,114.0,2156.0,1.0
부산광역시 동구(C113),44.0,672.0,0.0,151.0,9621.0,40.0,2.0,18.0,0.0,14.0,475.0,0.0,125.0,13150.0,0.0,91.0,10667.0,27.0,0.0,0.0,0.0,0.0,0.0,0.0,0.0,0.0,0.0
부산광역시 동래구(C114),59.0,813.0,73.0,244.0,24570.0,317.0,7.0,701.0,0.0,25.0,927.0,0.0,201.0,33229.0,385.0,158.0,33138.0,60.0,0.0,0.0,0.0,0.0,0.0,0.0,0.0,0.0,0.0
부산광역시 부산진구(C115),80.0,1809.0,0.0,153.0,17712.0,0.0,8.0,723.0,0.0,17.0,685.0,0.0,187.0,48464.0,337.0,71.0,18925.0,6.0,0.0,0.0,0.0,0.0,0.0,0.0,0.0,0.0,0.0
부산광역시 북구(C116),90.0,2108.0,0.0,481.0,15165.0,0.0,5.0,324.0,0.0,31.0,41344.0,0.0,158.0,47647.0,2.0,118.0,98488.0,0.0,0.0,0.0,0.0,0.0,0.0,0.0,0.0,0.0,0.0
부산광역시 사상구(C117),78.0,1721.0,70.0,181.0,14309.0,348.0,6.0,492.0,0.0,22.0,995.0,0.0,179.0,165253.0,0.0,104.0,14464.0,12.0,0.0,0.0,0.0,0.0,0.0,0.0,0.0,0.0,0.0
부산광역시 사하구(C118),48.0,297.0,0.0,138.0,8289.0,0.0,6.0,46.0,0.0,18.0,286.0,0.0,184.0,41011.0,0.0,76.0,11771.0,0.0,0.0,0.0,0.0,0.0,0.0,0.0,0.0,0.0,0.0
부산광역시 서구(C119),56.0,37273.0,27611.0,150.0,10286.0,0.0,1.0,1.0,0.0,20.0,611.0,3.0,164.0,151284.0,0.0,96.0,10964.0,0.0,0.0,0.0,0.0,0.0,0.0,0.0,0.0,0.0,0.0
부산광역시 수영구(C120),64.0,1282.0,3.0,168.0,58298.0,11.0,5.0,702.0,0.0,19.0,410.0,0.0,147.0,10032.0,63.0,96.0,11164.0,29.0,0.0,0.0,0.0,0.0,0.0,0.0,0.0,0.0,0.0
부산광역시 연제구(C121),87.0,57083.0,11.0,604.0,161642.0,0.0,8.0,1083.0,0.0,28.0,69611.0,0.0,279.0,442043.0,1972.0,157.0,24061.0,1.0,0.0,0.0,0.0,0.0,0.0,0.0,0.0,0.0,0.0
부산광역시 영도구(C122),62.0,4350.0,67.0,356.0,14610.0,78.0,0.0,0.0,0.0,21.0,20400.0,0.0,206.0,12148.0,24.0,78.0,71065.0,940.0,0.0,0.0,0.0,0.0,0.0,0.0,0.0,0.0,0.0
부산광역시 중구(C123),82.0,395158.0,1945.0,216.0,114213.0,8782.0,7.0,13802.0,0.0,33.0,95883.0,0.0,183.0,540768.0,39476.0,82.0,48990.0,17144.0,0.0,0.0,0.0,0.0,0.0,0.0,0.0,0.0,0.0
부산광역시 해운대구(C124),109.0,245066.0,47542.0,323.0,114577.0,851.0,13.0,493.0,190.0,27.0,1029.0,10.0,267.0,110686.0,1193.0,167.0,41845.0,1537.0,0.0,0.0,0.0,0.0,0.0,0.0,0.0,0.0,0.0
서울특별시 강남구(C125),63.0,305814.0,1301.0,130.0,68788.0,18.0,0.0,0.0,0.0,22.0,885.0,0.0,210.0,1829981.0,127170.0,73.0,35119.0,111.0,0.0,0.0,0.0,0.0,0.0,0.0,0.0,0.0,0.0
서울특별시 강동구(C126),50.0,347.0,0.0,121.0,52187.0,9.0,0.0,0.0,0.0,23.0,1190.0,11.0,147.0,46985.0,948.0,59.0,11085.0,13.0,0.0,0.0,0.0,0.0,0.0,0.0,0.0,0.0,0.0
서울특별시 강북구(C127),50.0,7154.0,0.0,209.0,25484.0,0.0,0.0,0.0,0.0,18.0,1133.0,0.0,202.0,70798.0,1099.0,94.0,25690.0,6.0,0.0,0.0,0.0,0.0,0.0,0.0,0.0,0.0,0.0
서울특별시 강서구(C128),54.0,5957.0,0.0,139.0,2881945.0,199.0,0.0,0.0,0.0,49.0,53434.0,0.0,182.0,1428284.0,161882.0,61.0,24476.0,163.0,2.0,114.0,0.0,0.0,0.0,0.0,0.0,0.0,0.0
서울특별시 관악구(C129),55.0,92433.0,0.0,363.0,131456.0,1042.0,55.0,10037.0,55.0,30.0,1008.0,0.0,240.0,180402.0,22740.0,84.0,30129.0,216.0,0.0,0.0,0.0,0.0,0.0,0.0,0.0,0.0,0.0
서울특별시 광진구(C130),63.0,657541.0,137.0,245.0,91067.0,90.0,5.0,1011.0,0.0,26.0,1338.0,0.0,286.0,1464342.0,217522.0,110.0,16470.0,1447.0,0.0,0.0,0.0,0.0,0.0,0.0,0.0,0.0,0.0
서울특별시 구로구(C131),38.0,2914.0,0.0,99.0,12600.0,0.0,0.0,0.0,0.0,69.0,543.0,0.0,141.0,23058.0,0.0,40.0,11440.0,2.0,0.0,0.0,0.0,0.0,0.0,0.0,0.0,0.0,0.0
서울특별시 금천구(C132),50.0,912.0,0.0,230.0,21022.0,283.0,5.0,174.0,0.0,20.0,10723.0,0.0,274.0,88785.0,859.0,85.0,21097.0,1899.0,0.0,0.0,0.0,0.0,0.0,0.0,0.0,0.0,0.0
서울특별시 노원구(C133),54.0,530955.0,0.0,78.0,8394.0,2.0,0.0,0.0,0.0,16.0,798.0,0.0,137.0,1074143.0,75696.0,48.0,8630.0,0.0,0.0,0.0,0.0,0.0,0.0,0.0,0.0,0.0,0.0
서울특별시 도봉구(C134),28.0,488.0,17.0,124.0,8889.0,25.0,1.0,12.0,12.0,33.0,1025.0,69.0,192.0,21416.0,881.0,73.0,9846.0,12.0,0.0,0.0,0.0,0.0,0.0,0.0,0.0,0.0,0.0
서울특별시 동대문구(C135),54.0,802.0,420.0,256.0,89305.0,150.0,0.0,0.0,0.0,12.0,381.0,0.0,229.0,159438.0,3034.0,76.0,57632.0,15129.0,0.0,0.0,0.0,0.0,0.0,0.0,0.0,0.0,0.0
서울특별시 동작구(C136),59.0,307006.0,43440.0,470.0,315759.0,1010.0,6.0,1726.0,0.0,33.0,3865.0,2.0,232.0,696486.0,10437.0,97.0,28219.0,2549.0,0.0,0.0,0.0,0.0,0.0,0.0,0.0,0.0,0.0
서울특별시 마포구(C137),10.0,12241.0,0.0,66.0,8991.0,0.0,2.0,2.0,0.0,13.0,256.0,0.0,78.0,29651.0,4.0,25.0,21223.0,12.0,0.0,0.0,0.0,0.0,0.0,0.0,0.0,0.0,0.0
서울특별시 서대문구(C138),83.0,15509.0,7325.0,1142.0,134162.0,83362.0,24.0,310.0,1.0,310.0,41771.0,36486.0,740.0,138813.0,98529.0,349.0,55551.0,31193.0,0.0,0.0,0.0,0.0,0.0,0.0,0.0,0.0,0.0
서울특별시 서초구(C139),56.0,1063.0,0.0,163.0,60375.0,505.0,8.0,14044.0,1.0,36.0,1459.0,0.0,218.0,53275.0,22.0,67.0,22236.0,0.0,0.0,0.0,0.0,0.0,0.0,0.0,0.0,0.0,0.0
서울특별시 성동구(C140),56.0,553.0,0.0,136.0,16393.0,2.0,1.0,17.0,0.0,17.0,294.0,0.0,157.0,732309.0,156.0,71.0,28678.0,559.0,0.0,0.0,0.0,0.0,0.0,0.0,0.0,0.0,0.0
서울특별시 성북구(C141),111.0,1200.0,365.0,376.0,17893.0,21.0,3.0,28.0,0.0,11.0,436.0,0.0,171.0,49454.0,45.0,67.0,21237.0,33.0,0.0,0.0,0.0,0.0,0.0,0.0,0.0,0.0,0.0
서울특별시 송파구(C142),55.0,4756.0,0.0,373.0,93730.0,83.0,0.0,0.0,0.0,23.0,1102.0,0.0,198.0,73066.0,557.0,68.0,18415.0,638.0,0.0,0.0,0.0,0.0,0.0,0.0,0.0,0.0,0.0
서울특별시 양천구(C143),57.0,93980.0,900.0,176.0,60485.0,50.0,1.0,3.0,0.0,17.0,541.0,0.0,217.0,598343.0,29.0,58.0,17955.0,170.0,0.0,0.0,0.0,0.0,0.0,0.0,0.0,0.0,0.0
서울특별시 영등포구(C144),66.0,91255.0,0.0,253.0,63830.0,0.0,0.0,0.0,0.0,23.0,22289.0,0.0,193.0,67619.0,1837.0,59.0,24002.0,137.0,0.0,0.0,0.0,0.0,0.0,0.0,0.0,0.0,0.0
서울특별시 용산구(C145),54.0,545585.0,0.0,166.0,71483.0,0.0,0.0,0.0,0.0,25.0,1955.0,0.0,148.0,572500.0,46.0,57.0,12470.0,0.0,0.0,0.0,0.0,0.0,0.0,0.0,0.0,0.0,0.0
서울특별시 은평구(C146),60.0,8946.0,0.0,69.0,11524.0,0.0,0.0,0.0,0.0,17.0,589.0,0.0,161.0,32030.0,0.0,45.0,19967.0,0.0,0.0,0.0,0.0,0.0,0.0,0.0,0.0,0.0,0.0
서울특별시 종로구(C147),60.0,643.0,0.0,113.0,21713.0,0.0,0.0,0.0,0.0,25.0,338.0,0.0,179.0,23224.0,2997.0,64.0,16081.0,78.0,0.0,0.0,0.0,0.0,0.0,0.0,0.0,0.0,0.0
서울특별시 중구(C148),49.0,671.0,0.0,185.0,29064.0,530.0,6.0,1744.0,0.0,15.0,658.0,0.0,136.0,29499.0,407.0,60.0,16156.0,190.0,0.0,0.0,0.0,0.0,0.0,0.0,0.0,0.0,0.0
서울특별시 중랑구(C149),51.0,1170.0,0.0,125.0,86291.0,7.0,2.0,4.0,0.0,15.0,979.0,0.0,149.0,88986.0,3.0,57.0,12963.0,0.0,0.0,0.0,0.0,0.0,0.0,0.0,0.0,0.0,0.0
울산광역시 남구(C150),76.0,203646.0,0.0,283.0,328779.0,60.0,30.0,694.0,0.0,28.0,1680.0,0.0,227.0,453007.0,0.0,78.0,40224.0,0.0,0.0,0.0,0.0,0.0,0.0,0.0,0.0,0.0,0.0
울산광역시 동구(C151),63.0,25753.0,266.0,130.0,571484.0,450.0,4.0,316.0,0.0,25.0,70771.0,0.0,181.0,64036.0,139.0,90.0,11469.0,225.0,0.0,0.0,0.0,0.0,0.0,0.0,0.0,0.0,0.0
울산광역시 북구(C152),46.0,58663.0,0.0,106.0,122758.0,8.0,0.0,0.0,0.0,9.0,401.0,0.0,105.0,124676.0,0.0,44.0,8466.0,4.0,0.0,0.0,0.0,0.0,0.0,0.0,0.0,0.0,0.0
울산광역시 울주군(C153),50.0,176056.0,1.0,174.0,198432.0,170.0,0.0,0.0,0.0,15.0,446.0,0.0,177.0,539165.0,166854.0,88.0,37177.0,71.0,0.0,0.0,0.0,0.0,0.0,0.0,0.0,0.0,0.0
울산광역시 중구(C154),64.0,28987.0,0.0,122.0,70591.0,4183.0,3.0,308.0,0.0,22.0,102555.0,0.0,145.0,127181.0,6.0,74.0,19366.0,212.0,0.0,0.0,0.0,0.0,0.0,0.0,0.0,0.0,0.0
인천광역시 강화군(C155),39.0,250209.0,0.0,57.0,11722.0,0.0,0.0,0.0,0.0,17.0,256.0,0.0,139.0,16086.0,0.0,48.0,14243.0,0.0,0.0,0.0,0.0,0.0,0.0,0.0,0.0,0.0,0.0
인천광역시 계양구(C156),95.0,101214.0,0.0,194.0,122501.0,0.0,5.0,332.0,0.0,29.0,1181.0,0.0,272.0,248622.0,0.0,111.0,16397.0,0.0,0.0,0.0,0.0,0.0,0.0,0.0,0.0,0.0,0.0
인천광역시 남동구(C157),150.0,419451.0,0.0,395.0,471217.0,0.0,10.0,483.0,0.0,40.0,9381.0,0.0,371.0,956597.0,0.0,196.0,125001.0,4.0,0.0,0.0,0.0,0.0,0.0,0.0,0.0,0.0,0.0
인천광역시 동구(C158),46.0,462.0,0.0,163.0,7607.0,0.0,0.0,0.0,0.0,22.0,558.0,0.0,143.0,10342.0,0.0,68.0,6159.0,0.0,0.0,0.0,0.0,0.0,0.0,0.0,0.0,0.0,0.0
인천광역시 미추홀구(C159),120.0,221223.0,0.0,401.0,296698.0,33.0,18.0,336.0,0.0,29.0,1601.0,0.0,247.0,435918.0,185.0,157.0,20737.0,5.0,0.0,0.0,0.0,0.0,0.0,0.0,0.0,0.0,0.0
인천광역시 부평구(C160),246.0,290611.0,53.0,537.0,782886.0,0.0,15.0,2119.0,7.0,29.0,5660.0,0.0,254.0,736817.0,37.0,124.0,32843.0,3.0,0.0,0.0,0.0,0.0,0.0,0.0,0.0,0.0,0.0
인천광역시 서구(C161),84.0,28023.0,26.0,346.0,106805.0,114.0,13.0,355.0,0.0,35.0,19812.0,0.0,512.0,367829.0,0.0,203.0,35003.0,0.0,0.0,0.0,0.0,0.0,0.0,0.0,0.0,0.0,0.0
인천광역시 연수구(C162),101.0,10933.0,1.0,334.0,20238.0,11.0,17.0,488.0,0.0,62.0,5918.0,0.0,281.0,66894.0,52.0,204.0,37432.0,32.0,0.0,0.0,0.0,0.0,0.0,0.0,0.0,0.0,0.0
인천광역시 옹진군(C163),43.0,45643.0,0.0,96.0,48156.0,0.0,5.0,272.0,0.0,25.0,385.0,0.0,149.0,95192.0,44002.0,43.0,3028.0,358.0,0.0,0.0,0.0,0.0,0.0,0.0,0.0,0.0,0.0
인천광역시 중구(C164),93.0,618328.0,0.0,451.0,1352703.0,230.0,7.0,33476.0,0.0,45.0,145918.0,0.0,592.0,1604713.0,46.0,236.0,22796.0,7.0,0.0,0.0,0.0,0.0,0.0,0.0,0.0,0.0,0.0
전라남도 강진군(C165),69.0,1766.0,6.0,224.0,8714.0,416.0,3.0,245.0,0.0,27.0,718.0,0.0,184.0,12758.0,27.0,66.0,5757.0,4.0,0.0,0.0,0.0,0.0,0.0,0.0,0.0,0.0,0.0
전라남도 고흥군(C166),105.0,26068.0,24986.0,162.0,1318.0,0.0,4.0,282.0,0.0,42.0,545.0,0.0,251.0,27034.0,1.0,101.0,610.0,0.0,0.0,0.0,0.0,0.0,0.0,0.0,0.0,0.0,0.0
전라남도 곡성군(C167),101.0,385275.0,153.0,633.0,25443.0,263.0,2.0,818.0,0.0,31.0,1811.0,0.0,329.0,405014.0,835.0,80.0,7314.0,0.0,0.0,0.0,0.0,0.0,0.0,0.0,0.0,0.0,0.0
전라남도 광양시(C168),141.0,123123.0,6.0,329.0,132636.0,3096.0,15.0,370.0,0.0,49.0,1541.0,0.0,302.0,304492.0,892.0,132.0,15443.0,21.0,0.0,0.0,0.0,0.0,0.0,0.0,0.0,0.0,0.0
전라남도 구례군(C169),175.0,131976.0,0.0,403.0,596408.0,0.0,42.0,66396.0,0.0,45.0,31066.0,161.0,330.0,36588.0,10131.0,136.0,13992.0,2.0,0.0,0.0,0.0,0.0,0.0,0.0,0.0,0.0,0.0
전라남도 나주시(C170),44.0,262.0,0.0,63.0,20811.0,108.0,0.0,0.0,0.0,13.0,223.0,0.0,114.0,45688.0,81.0,47.0,17771.0,29.0,0.0,0.0,0.0,0.0,0.0,0.0,0.0,0.0,0.0
전라남도 담양군(C171),73.0,73498.0,0.0,129.0,89798.0,845.0,3.0,249.0,0.0,34.0,1111.0,0.0,233.0,119945.0,6903.0,57.0,9447.0,1.0,0.0,0.0,0.0,0.0,0.0,0.0,0.0,0.0,0.0
전라남도 목포시(C172),76.0,130755.0,4382.0,131.0,158449.0,0.0,3.0,297.0,0.0,34.0,29004.0,0.0,161.0,231044.0,168.0,81.0,19776.0,30.0,0.0,0.0,0.0,0.0,0.0,0.0,0.0,0.0,0.0
전라남도 무안군(C173),52.0,119.0,0.0,109.0,15939.0,0.0,0.0,0.0,0.0,31.0,1120.0,0.0,146.0,23795.0,4.0,50.0,7681.0,0.0,0.0,0.0,0.0,0.0,0.0,0.0,0.0,0.0,0.0
전라남도 보성군(C174),52.0,464.0,0.0,100.0,4659.0,37.0,0.0,0.0,0.0,18.0,737.0,0.0,136.0,10330.0,44.0,71.0,3702.0,0.0,0.0,0.0,0.0,0.0,0.0,0.0,0.0,0.0,0.0
전라남도 순천시(C175),99.0,12561.0,157.0,420.0,35304.0,634.0,6.0,1404.0,0.0,45.0,9280.0,0.0,243.0,65494.0,53.0,98.0,32621.0,2684.0,0.0,0.0,0.0,0.0,0.0,0.0,0.0,0.0,0.0
전라남도 신안군(C176),28.0,7789.0,0.0,62.0,16306.0,1.0,0.0,0.0,0.0,20.0,3988.0,0.0,96.0,33244.0,10025.0,60.0,14229.0,631.0,0.0,0.0,0.0,0.0,0.0,0.0,0.0,0.0,0.0
전라남도 여수시(C177),141.0,1250700.0,26401.0,363.0,6001303.0,507.0,7.0,431.0,0.0,77.0,1164428.0,10174.0,356.0,4093675.0,3622745.0,131.0,50895.0,8833.0,6.0,108.0,4.0,0.0,0.0,0.0,1.0,27.0,0.0
전라남도 영광군(C178),53.0,200.0,0.0,159.0,15198.0,0.0,0.0,0.0,0.0,34.0,209.0,0.0,144.0,13764.0,2.0,63.0,11029.0,0.0,0.0,0.0,0.0,0.0,0.0,0.0,0.0,0.0,0.0
전라남도 영암군(C179),81.0,144706.0,0.0,138.0,895477.0,734.0,3.0,249.0,0.0,23.0,693.0,0.0,195.0,353677.0,22338.0,85.0,12902.0,2.0,0.0,0.0,0.0,0.0,0.0,0.0,0.0,0.0,0.0
전라남도 완도군(C180),71.0,1080.0,499.0,146.0,10137.0,195.0,3.0,271.0,0.0,17.0,955.0,0.0,181.0,13771.0,158.0,55.0,8152.0,22.0,0.0,0.0,0.0,0.0,0.0,0.0,0.0,0.0,0.0
전라남도 장성군(C181),60.0,16648.0,15113.0,132.0,40585.0,47.0,1.0,179.0,0.0,27.0,661.0,0.0,193.0,58468.0,19.0,65.0,10984.0,193.0,0.0,0.0,0.0,0.0,0.0,0.0,0.0,0.0,0.0
전라남도 장흥군(C182),70.0,1335.0,310.0,95.0,17506.0,3399.0,4.0,1080.0,0.0,12.0,378.0,0.0,105.0,26071.0,3.0,45.0,7969.0,48.0,0.0,0.0,0.0,0.0,0.0,0.0,0.0,0.0,0.0
전라남도 진도군(C183),49.0,1710.0,144.0,73.0,2433.0,217.0,6.0,474.0,0.0,12.0,325.0,0.0,103.0,2663.0,244.0,41.0,1744.0,0.0,0.0,0.0,0.0,0.0,0.0,0.0,0.0,0.0,0.0
전라남도 함평군(C184),53.0,875.0,0.0,143.0,10470.0,129.0,0.0,0.0,0.0,33.0,2039.0,0.0,199.0,12848.0,7.0,86.0,9544.0,15.0,0.0,0.0,0.0,0.0,0.0,0.0,0.0,0.0,0.0
전라남도 해남군(C185),109.0,4921.0,1.0,149.0,23667.0,41.0,0.0,0.0,0.0,49.0,2953.0,0.0,187.0,47259.0,21.0,65.0,19748.0,27.0,0.0,0.0,0.0,0.0,0.0,0.0,0.0,0.0,0.0
전라남도 화순군(C186),106.0,52011.0,3.0,368.0,83166.0,0.0,4.0,465.0,0.0,31.0,93523.0,0.0,195.0,141715.0,0.0,62.0,28885.0,0.0,0.0,0.0,0.0,0.0,0.0,0.0,0.0,0.0,0.0
전라북도 고창군(C187),55.0,215652.0,0.0,110.0,30559.0,152.0,0.0,0.0,0.0,29.0,216242.0,1.0,164.0,663801.0,11.0,70.0,4457.0,0.0,0.0,0.0,0.0,0.0,0.0,0.0,0.0,0.0,0.0
전라북도 군산시(C188),84.0,25296.0,0.0,221.0,1470918.0,68.0,1.0,26.0,0.0,30.0,4335.0,0.0,218.0,207433.0,4.0,86.0,35867.0,3.0,0.0,0.0,0.0,0.0,0.0,0.0,0.0,0.0,0.0
전라북도 김제시(C189),81.0,11910.0,10413.0,105.0,29662.0,596.0,3.0,300.0,0.0,8.0,337.0,0.0,91.0,33144.0,16623.0,35.0,2271.0,122.0,0.0,0.0,0.0,0.0,0.0,0.0,0.0,0.0,0.0
전라북도 남원시(C190),72.0,1544.0,51.0,96.0,8355.0,424.0,4.0,345.0,0.0,18.0,474.0,0.0,172.0,20474.0,2.0,59.0,2074.0,121.0,0.0,0.0,0.0,0.0,0.0,0.0,0.0,0.0,0.0
전라북도 무주군(C191),31.0,2541.0,0.0,131.0,873644.0,1.0,1.0,748.0,0.0,37.0,6092.0,174.0,134.0,1296662.0,1764.0,46.0,4279.0,0.0,0.0,0.0,0.0,0.0,0.0,0.0,0.0,0.0,0.0
전라북도 부안군(C192),90.0,3856040.0,0.0,122.0,1960276.0,0.0,3.0,28337.0,0.0,16.0,531.0,0.0,188.0,2334054.0,0.0,45.0,9802.0,0.0,0.0,0.0,0.0,0.0,0.0,0.0,0.0,0.0,0.0
전라북도 순창군(C193),62.0,720.0,545.0,75.0,315450.0,8.0,0.0,0.0,0.0,14.0,84.0,0.0,99.0,7398.0,0.0,52.0,7210.0,29.0,0.0,0.0,0.0,0.0,0.0,0.0,0.0,0.0,0.0
전라북도 완주군(C194),85.0,329025.0,0.0,184.0,89353.0,1314.0,4.0,503.0,0.0,22.0,3157.0,0.0,213.0,288231.0,351.0,90.0,4250.0,3.0,0.0,0.0,0.0,0.0,0.0,0.0,0.0,0.0,0.0
전라북도 익산시(C195),72.0,1658.0,3.0,115.0,21036.0,0.0,3.0,287.0,0.0,29.0,1039.0,0.0,186.0,23628.0,0.0,64.0,20951.0,1.0,0.0,0.0,0.0,0.0,0.0,0.0,0.0,0.0,0.0
전라북도 임실군(C196),47.0,935.0,0.0,96.0,24117.0,6.0,0.0,0.0,0.0,15.0,863.0,0.0,111.0,22354.0,10.0,81.0,8269.0,5.0,0.0,0.0,0.0,0.0,0.0,0.0,0.0,0.0,0.0
전라북도 장수군(C197),86.0,23272.0,1.0,141.0,51820.0,16.0,5.0,1376.0,0.0,24.0,10392.0,0.0,194.0,53464.0,0.0,62.0,11702.0,0.0,0.0,0.0,0.0,0.0,0.0,0.0,0.0,0.0,0.0
전라북도 전주시(C198),52.0,498992.0,0.0,167.0,427161.0,354.0,0.0,0.0,0.0,38.0,359841.0,0.0,211.0,1223882.0,16.0,110.0,51965.0,19.0,0.0,0.0,0.0,0.0,0.0,0.0,0.0,0.0,0.0
전라북도 정읍시(C199),76.0,184764.0,0.0,228.0,476356.0,819.0,4.0,33628.0,0.0,36.0,12110.0,0.0,325.0,603126.0,96.0,141.0,133520.0,7.0,0.0,0.0,0.0,0.0,0.0,0.0,0.0,0.0,0.0
전라북도 진안군(C200),71.0,856240.0,0.0,231.0,1409843.0,305.0,1.0,13.0,0.0,44.0,900.0,0.0,161.0,818316.0,0.0,66.0,8169.0,1.0,0.0,0.0,0.0,0.0,0.0,0.0,0.0,0.0,0.0
충청남도 계룡시(C203),47.0,354.0,0.0,99.0,1672.0,1.0,0.0,0.0,0.0,14.0,101.0,0.0,109.0,2359.0,0.0,53.0,1798.0,132.0,0.0,0.0,0.0,0.0,0.0,0.0,0.0,0.0,0.0
충청남도 공주시(C204),55.0,333.0,0.0,116.0,12255.0,0.0,2.0,508.0,0.0,28.0,1061.0,0.0,180.0,35765.0,0.0,67.0,8622.0,3.0,0.0,0.0,0.0,0.0,0.0,0.0,0.0,0.0,0.0
충청남도 금산군(C205),34.0,3343.0,42.0,112.0,220039.0,0.0,2.0,66975.0,0.0,15.0,274.0,0.0,259.0,138443.0,39.0,72.0,13636.0,875.0,0.0,0.0,0.0,0.0,0.0,0.0,0.0,0.0,0.0
충청남도 논산시(C206),79.0,166580.0,19.0,183.0,44603.0,34.0,5.0,385.0,5.0,29.0,168780.0,0.0,219.0,211906.0,4.0,95.0,28011.0,30.0,0.0,0.0,0.0,0.0,0.0,0.0,0.0,0.0,0.0
충청남도 당진시(C207),87.0,20946.0,43.0,526.0,486538.0,13.0,0.0,0.0,0.0,32.0,2937.0,539.0,233.0,174654.0,4678.0,88.0,19375.0,353.0,0.0,0.0,0.0,0.0,0.0,0.0,0.0,0.0,0.0
충청남도 보령시(C208),69.0,77817.0,0.0,217.0,280905.0,4.0,3.0,266.0,0.0,17.0,60164.0,0.0,211.0,288059.0,437.0,90.0,77668.0,9293.0,0.0,0.0,0.0,0.0,0.0,0.0,0.0,0.0,0.0
충청남도 부여군(C209),36.0,185212.0,0.0,168.0,204131.0,0.0,0.0,0.0,0.0,29.0,875.0,0.0,206.0,447751.0,2.0,69.0,15246.0,1.0,0.0,0.0,0.0,0.0,0.0,0.0,0.0,0.0,0.0
충청남도 서산시(C210),76.0,951449.0,3.0,202.0,29842.0,86.0,1.0,27.0,0.0,44.0,2437.0,0.0,237.0,2104495.0,906.0,101.0,25634.0,1040.0,0.0,0.0,0.0,0.0,0.0,0.0,0.0,0.0,0.0
충청남도 서천군(C211),27.0,23139.0,9.0,107.0,32185.0,14.0,4.0,261.0,0.0,35.0,595.0,0.0,151.0,64260.0,11.0,58.0,10726.0,21.0,0.0,0.0,0.0,0.0,0.0,0.0,0.0,0.0,0.0
충청남도 아산시(C212),69.0,250600.0,859.0,249.0,308687.0,741.0,4.0,320.0,276.0,31.0,1346.0,0.0,257.0,591237.0,2929.0,101.0,54423.0,765.0,0.0,0.0,0.0,0.0,0.0,0.0,0.0,0.0,0.0
충청남도 예산군(C213),76.0,40603.0,38604.0,141.0,14198.0,19.0,3.0,256.0,0.0,34.0,3301.0,0.0,218.0,52595.0,13.0,72.0,9387.0,20.0,0.0,0.0,0.0,0.0,0.0,0.0,0.0,0.0,0.0
충청남도 천안시(C214),29.0,176.0,0.0,100.0,35417.0,0.0,0.0,0.0,0.0,31.0,21707.0,0.0,192.0,268278.0,464.0,59.0,31546.0,23.0,0.0,0.0,0.0,0.0,0.0,0.0,0.0,0.0,0.0
충청남도 청양군(C215),67.0,4064.0,4.0,251.0,445615.0,185.0,0.0,0.0,0.0,26.0,266705.0,0.0,252.0,550193.0,473842.0,81.0,108364.0,54.0,0.0,0.0,0.0,0.0,0.0,0.0,0.0,0.0,0.0
충청남도 태안군(C216),45.0,224.0,0.0,115.0,10668.0,0.0,0.0,0.0,0.0,42.0,854.0,0.0,155.0,8018.0,996.0,56.0,2881.0,10.0,0.0,0.0,0.0,0.0,0.0,0.0,0.0,0.0,0.0
충청남도 홍성군(C217),70.0,120354.0,0.0,110.0,134010.0,0.0,3.0,271.0,0.0,26.0,26626.0,0.0,196.0,259718.0,1.0,69.0,19202.0,35.0,0.0,0.0,0.0,0.0,0.0,0.0,0.0,0.0,0.0
충청북도 괴산군(C218),73.0,333597.0,0.0,178.0,36271.0,1.0,3.0,21567.0,0.0,27.0,99677.0,0.0,201.0,660725.0,0.0,68.0,13661.0,27.0,0.0,0.0,0.0,0.0,0.0,0.0,0.0,0.0,0.0
충청북도 단양군(C219),57.0,2312.0,0.0,286.0,194897.0,189.0,3.0,254.0,0.0,22.0,1386.0,0.0,229.0,87465.0,3858.0,66.0,8647.0,1.0,0.0,0.0,0.0,0.0,0.0,0.0,0.0,0.0,0.0
충청북도 보은군(C220),35.0,11958.0,11855.0,102.0,45894.0,41.0,0.0,0.0,0.0,14.0,86.0,0.0,142.0,25741.0,16967.0,52.0,6435.0,133.0,0.0,0.0,0.0,0.0,0.0,0.0,0.0,0.0,0.0
충청북도 영동군(C221),50.0,68641.0,288.0,105.0,75888.0,152.0,3.0,245.0,0.0,17.0,619.0,17.0,136.0,148121.0,67815.0,61.0,8415.0,12.0,0.0,0.0,0.0,0.0,0.0,0.0,0.0,0.0,0.0
충청북도 옥천군(C222),32.0,70438.0,0.0,152.0,510686.0,27.0,5.0,272.0,0.0,15.0,436.0,0.0,143.0,233132.0,8.0,64.0,13636.0,139.0,0.0,0.0,0.0,0.0,0.0,0.0,0.0,0.0,0.0
충청북도 음성군(C223),58.0,1670.0,0.0,323.0,57071.0,44.0,12.0,477.0,0.0,13.0,480.0,0.0,220.0,149849.0,8.0,96.0,32291.0,0.0,0.0,0.0,0.0,0.0,0.0,0.0,0.0,0.0,0.0
충청북도 제천시(C224),62.0,744.0,40.0,128.0,15738.0,38.0,0.0,0.0,0.0,35.0,1070.0,0.0,253.0,44365.0,808.0,78.0,18806.0,1479.0,0.0,0.0,0.0,0.0,0.0,0.0,0.0,0.0,0.0
충청북도 증평군(C225),77.0,31971.0,6.0,108.0,47466.0,6.0,3.0,278.0,0.0,17.0,1358.0,0.0,188.0,96964.0,30916.0,53.0,5857.0,5.0,0.0,0.0,0.0,0.0,0.0,0.0,0.0,0.0,0.0
충청북도 진천군(C226),76.0,16600.0,16.0,100.0,7178.0,14.0,3.0,286.0,0.0,25.0,1394.0,0.0,164.0,26263.0,7.0,49.0,7204.0,69.0,0.0,0.0,0.0,0.0,0.0,0.0,0.0,0.0,0.0
충청북도 청주시(C227),91.0,6759045.0,51571.0,265.0,17028111.0,276246.0,0.0,0.0,0.0,28.0,808243.0,0.0,271.0,11389004.0,7825256.0,77.0,108460.0,14165.0,7.0,15863.0,2.0,0.0,0.0,0.0,3.0,150.0,21.0
충청북도 충주시(C228),72.0,24667.0,0.0,344.0,67347.0,0.0,0.0,0.0,0.0,22.0,595.0,0.0,219.0,109620.0,9.0,84.0,65255.0,8.0,0.0,0.0,0.0,0.0,0.0,0.0,0.0,0.0,0.0
(재)연구개발특구진흥재단(D002),0.0,0.0,0.0,0.0,0.0,0.0,0.0,0.0,0.0,0.0,0.0,0.0,3.0,7743.0,0.0,0.0,0.0,0.0,0.0,0.0,0.0,0.0,0.0,0.0,0.0,0.0,0.0
(재)한국저작권보호원(D007),1.0,10.0,0.0,70.0,186342.0,0.0,41.0,180.0,0.0,2.0,9184.0,0.0,13.0,17457.0,0.0,1.0,1400.0,0.0,0.0,0.0,0.0,0.0,0.0,0.0,0.0,0.0,0.0
(주)강원랜드(D009),17.0,1708.0,60.0,60.0,888.0,6.0,0.0,0.0,0.0,55.0,5580.0,0.0,113.0,10256.0,7.0,17.0,35.0,0.0,0.0,0.0,0.0,0.0,0.0,0.0,0.0,0.0,0.0
(주)에스알(D011),2.0,210.0,0.0,380.0,9007.0,0.0,720.0,5040.0,0.0,0.0,0.0,0.0,2.0,8.0,0.0,0.0,0.0,0.0,0.0,0.0,0.0,0.0,0.0,0.0,0.0,0.0,0.0
(주)중소기업유통센터(D013),6.0,25796.0,477.0,6.0,267285.0,0.0,76.0,6443.0,0.0,9.0,272153.0,0.0,185.0,841248.0,6915.0,2.0,10769.0,2.0,0.0,0.0,0.0,0.0,0.0,0.0,0.0,0.0,0.0
(주)한국가스기술공사(D015),6.0,1003.0,0.0,46.0,2657.0,0.0,0.0,0.0,0.0,4.0,582.0,33.0,26.0,2861.0,0.0,5.0,219.0,0.0,0.0,0.0,0.0,0.0,0.0,0.0,0.0,0.0,0.0
건강보험심사평가원(D020),153.0,5611952.0,0.0,227.0,7498912.0,0.0,0.0,0.0,0.0,6.0,1507754.0,0.0,96.0,4088010.0,0.0,0.0,0.0,0.0,1.0,18071.0,1.0,0.0,0.0,0.0,0.0,0.0,0.0
경기관광공사(D023),1.0,0.0,0.0,29.0,804.0,0.0,3.0,109.0,0.0,1.0,5.0,0.0,11.0,147.0,0.0,7.0,280.0,0.0,0.0,0.0,0.0,0.0,0.0,0.0,0.0,0.0,0.0
경기주택도시공사(D025),0.0,0.0,0.0,132.0,3439.0,0.0,6.0,108.0,0.0,0.0,0.0,0.0,107.0,11764.0,0.0,6.0,122.0,0.0,0.0,0.0,0.0,0.0,0.0,0.0,0.0,0.0,0.0
경상북도개발공사(D029),0.0,0.0,0.0,8.0,1062.0,43.0,0.0,0.0,0.0,0.0,0.0,0.0,13.0,472.0,22.0,0.0,0.0,0.0,0.0,0.0,0.0,0.0,0.0,0.0,0.0,0.0,0.0
경상북도문화관광공사(D031),0.0,0.0,0.0,368.0,2015.0,97.0,10.0,384.0,0.0,0.0,0.0,0.0,57.0,171.0,124.0,41.0,1008.0,2.0,0.0,0.0,0.0,0.0,0.0,0.0,0.0,0.0,0.0
공무원연금공단(D033),1287.0,33679.0,0.0,6089.0,1191737.0,303.0,126.0,3141.0,19.0,0.0,0.0,0.0,215.0,1026335.0,463.0,6.0,605.0,0.0,3.0,438.0,0.0,0.0,0.0,0.0,429.0,17915.0,577.0
광주광역시도시공사(D036),5.0,25.0,0.0,19.0,119.0,0.0,0.0,0.0,0.0,0.0,0.0,0.0,18.0,113.0,0.0,5.0,14.0,0.0,0.0,0.0,0.0,0.0,0.0,0.0,0.0,0.0,0.0
광주광역시도시철도공사(D038),32.0,806.0,4.0,801.0,2717692.0,113.0,14.0,2290.0,0.0,1.0,34.0,0.0,117.0,247037.0,3076.0,3.0,40.0,0.0,0.0,0.0,0.0,0.0,0.0,0.0,0.0,0.0,0.0
광주환경공단(D040),0.0,0.0,0.0,491.0,3715.0,301.0,0.0,0.0,0.0,6.0,25.0,0.0,22.0,422.0,18.0,23.0,430.0,2.0,0.0,0.0,0.0,0.0,0.0,0.0,0.0,0.0,0.0
국가평생교육진흥원(D043),2.0,25195.0,24101.0,84.0,1991229.0,7543.0,10.0,497425.0,40.0,39.0,1295501.0,1.0,136.0,1913045.0,854083.0,13.0,4117.0,192.0,0.0,0.0,0.0,0.0,0.0,0.0,0.0,0.0,0.0
국립공원공단(D045),0.0,0.0,0.0,95.0,7243880.0,14.0,14.0,2731445.0,0.0,13.0,122577.0,0.0,13.0,2169.0,8.0,2.0,29.0,0.0,1.0,365.0,0.0,0.0,0.0,0.0,2.0,52.0,0.0
국립생태원(D048),0.0,0.0,0.0,0.0,0.0,0.0,0.0,0.0,0.0,0.0,0.0,0.0,0.0,0.0,0.0,0.0,0.0,0.0,0.0,0.0,0.0,0.0,0.0,0.0,0.0,0.0,0.0
국립암센터(D050),14.0,5884.0,0.0,79.0,170296.0,5.0,9.0,34327.0,0.0,26.0,24484.0,0.0,49.0,135323.0,28766.0,17.0,2036.0,17.0,0.0,0.0,0.0,0.0,0.0,0.0,0.0,0.0,0.0
국민건강보험공단(D052),180.0,8892.0,0.0,1280.0,308575822.0,0.0,13.0,28226.0,0.0,109.0,54455506.0,0.0,106.0,34158727.0,0.0,4.0,407.0,0.0,2.0,70.0,0.0,0.0,0.0,0.0,32.0,55839.0,19.0
국민연금공단(D054),2503.0,39009014.0,0.0,891.0,101365430.0,6.0,26.0,36977.0,0.0,0.0,0.0,0.0,409.0,71559881.0,0.0,73.0,32778505.0,0.0,24.0,96468.0,0.0,0.0,0.0,0.0,46.0,4162.0,0.0
국제방송교류재단(D056),0.0,0.0,0.0,0.0,0.0,0.0,0.0,0.0,0.0,0.0,0.0,0.0,0.0,0.0,0.0,0.0,0.0,0.0,0.0,0.0,0.0,0.0,0.0,0.0,0.0,0.0,0.0
국토교통과학기술진흥원(D058),32.0,20943.0,2508.0,20.0,3194.0,0.0,0.0,0.0,0.0,7.0,4193.0,0.0,91.0,41944.0,2106.0,18.0,8389.0,4297.0,0.0,0.0,0.0,0.0,0.0,0.0,0.0,0.0,0.0
국토연구원(D060),0.0,0.0,0.0,0.0,0.0,0.0,0.0,0.0,0.0,0.0,0.0,0.0,3.0,435.0,29.0,0.0,0.0,0.0,0.0,0.0,0.0,0.0,0.0,0.0,0.0,0.0,0.0
그랜드코리아레저(주)(D062),1.0,35.0,0.0,75.0,1027279.0,0.0,0.0,0.0,0.0,0.0,0.0,0.0,23.0,1017079.0,0.0,0.0,0.0,0.0,0.0,0.0,0.0,0.0,0.0,0.0,0.0,0.0,0.0
근로복지공단(D064),158.0,1190748.0,31.0,442.0,2408178.0,13.0,19.0,1615.0,0.0,33.0,148241.0,0.0,220.0,1864785.0,84742.0,35.0,844936.0,247.0,12.0,23053.0,3292.0,0.0,0.0,0.0,5.0,117.0,6.0
국가과학기술연구회(D065),4.0,329.0,0.0,70.0,8372.0,94.0,5.0,83.0,0.0,1.0,86.0,0.0,6.0,1207.0,0.0,0.0,0.0,0.0,0.0,0.0,0.0,0.0,0.0,0.0,0.0,0.0,0.0
기술보증기금(D066),147.0,8699.0,255.0,640.0,26955.0,214.0,113.0,3626.0,164.0,8.0,12342.0,0.0,167.0,113832.0,2192.0,58.0,12435.0,111.0,5.0,33565.0,0.0,0.0,0.0,0.0,6.0,140.0,2.0
국가철도공단(D067),59.0,4011.0,5.0,924.0,492645.0,12294.0,1.0,766.0,0.0,229.0,29972.0,0.0,37.0,30761.0,10216.0,105.0,2107.0,33.0,4.0,350.0,1.0,0.0,0.0,0.0,0.0,0.0,0.0
김대중컨벤션센터(D070),1.0,1.0,0.0,3.0,2.0,0.0,0.0,0.0,0.0,5.0,5.0,0.0,19.0,3963.0,12.0,4.0,26.0,0.0,0.0,0.0,0.0,0.0,0.0,0.0,0.0,0.0,0.0
농림수산식품교육문화정보원(D074),12.0,3892.0,3555.0,80.0,24981847.0,747.0,0.0,0.0,0.0,12.0,192.0,0.0,57.0,3845748.0,119.0,1.0,55.0,0.0,0.0,0.0,0.0,0.0,0.0,0.0,0.0,0.0,0.0
국립박물관문화재단(D075),2.0,4054.0,4054.0,96.0,2858.0,378.0,0.0,0.0,0.0,6.0,45.0,0.0,49.0,9274.0,5.0,6.0,45.0,0.0,0.0,0.0,0.0,0.0,0.0,0.0,0.0,0.0,0.0
농림식품기술기획평가원(D076),44.0,4385.0,1.0,1.0,61.0,0.0,0.0,0.0,0.0,1.0,140.0,0.0,290.0,34884.0,4598.0,0.0,0.0,0.0,0.0,0.0,0.0,0.0,0.0,0.0,0.0,0.0,0.0
농업정책보험금융원(D079),26.0,2988.0,0.0,380.0,5370.0,0.0,6.0,674.0,0.0,0.0,0.0,0.0,5.0,515.0,0.0,0.0,0.0,0.0,0.0,0.0,0.0,0.0,0.0,0.0,0.0,0.0,0.0
대구도시공사(D082),3.0,260.0,0.0,31.0,24709.0,0.0,0.0,0.0,0.0,3.0,276.0,0.0,31.0,14828.0,0.0,2.0,2488.0,0.0,0.0,0.0,0.0,0.0,0.0,0.0,0.0,0.0,0.0
대구도시철도공사(D084),88.0,149724.0,0.0,1142.0,5589018.0,888.0,0.0,0.0,0.0,15.0,480.0,0.0,781.0,522398.0,43536.0,1.0,152.0,0.0,0.0,0.0,0.0,0.0,0.0,0.0,0.0,0.0,0.0
국방기술품질원(D085),0.0,0.0,0.0,5.0,1283.0,12.0,0.0,0.0,0.0,0.0,0.0,0.0,32.0,44794.0,318.0,2.0,219.0,0.0,0.0,0.0,0.0,0.0,0.0,0.0,0.0,0.0,0.0
대구시설공단(D086),22.0,1323.0,0.0,37.0,7379.0,121.0,0.0,0.0,0.0,5.0,9035.0,0.0,28.0,15067.0,1291.0,10.0,1313.0,73.0,0.0,0.0,0.0,0.0,0.0,0.0,0.0,0.0,0.0
대구환경공단(D088),0.0,0.0,0.0,48.0,1095.0,69.0,0.0,0.0,0.0,0.0,0.0,0.0,10.0,87.0,18.0,0.0,0.0,0.0,0.0,0.0,0.0,0.0,0.0,0.0,0.0,0.0,0.0
대전광역시 상수도사업본부(D090),13.0,220.0,0.0,75.0,516.0,14.0,1.0,3.0,3.0,0.0,0.0,0.0,15.0,4574.0,0.0,5.0,55.0,0.0,0.0,0.0,0.0,0.0,0.0,0.0,0.0,0.0,0.0
국토안전관리원(D091),7.0,9931.0,0.0,579.0,302842.0,189.0,5.0,26.0,0.0,0.0,0.0,0.0,34.0,759182.0,0.0,2.0,2570.0,0.0,0.0,0.0,0.0,0.0,0.0,0.0,0.0,0.0,0.0
대전광역시도시철도공사(D092),8.0,1872.0,0.0,605.0,2048323.0,4142.0,2.0,10.0,0.0,0.0,0.0,0.0,94.0,94418.0,288.0,2.0,44.0,0.0,0.0,0.0,0.0,0.0,0.0,0.0,0.0,0.0,0.0
대전광역시시설관리공단(D094),1.0,302.0,0.0,54.0,3643.0,0.0,0.0,0.0,0.0,0.0,0.0,0.0,13.0,11674.0,49.0,1.0,110.0,0.0,0.0,0.0,0.0,0.0,0.0,0.0,0.0,0.0,0.0
대전도시공사(D096),0.0,0.0,0.0,5.0,314.0,0.0,0.0,0.0,0.0,0.0,0.0,0.0,4.0,146.0,32.0,0.0,0.0,0.0,0.0,0.0,0.0,0.0,0.0,0.0,0.0,0.0,0.0
대전마케팅공사(D098),0.0,0.0,0.0,1.0,6.0,0.0,0.0,0.0,0.0,0.0,0.0,0.0,1.0,6.0,0.0,2.0,73.0,0.0,0.0,0.0,0.0,0.0,0.0,0.0,0.0,0.0,0.0
대한무역투자진흥공사(D100),0.0,0.0,0.0,14.0,2027.0,0.0,0.0,0.0,0.0,0.0,0.0,0.0,15.0,64738.0,95.0,0.0,0.0,0.0,0.0,0.0,0.0,0.0,0.0,0.0,0.0,0.0,0.0
대한석탄공사(D103),4.0,3112.0,1534.0,142.0,6622.0,1434.0,6.0,109.0,0.0,0.0,0.0,0.0,21.0,366.0,0.0,6.0,143.0,22.0,0.0,0.0,0.0,0.0,0.0,0.0,0.0,0.0,0.0
도로교통공단(D105),48.0,271.0,0.0,1964.0,3526541.0,147.0,0.0,0.0,0.0,9.0,324.0,0.0,143.0,1453624.0,24.0,5.0,120.0,0.0,0.0,0.0,0.0,0.0,0.0,0.0,14.0,199.0,0.0
독립기념관(D107),2.0,976.0,0.0,31.0,3660.0,0.0,0.0,0.0,0.0,8.0,127.0,0.0,14.0,19249.0,0.0,0.0,0.0,0.0,0.0,0.0,0.0,0.0,0.0,0.0,0.0,0.0,0.0
부산관광공사(D109),4.0,12.0,0.0,7.0,58.0,0.0,0.0,0.0,0.0,3.0,123.0,0.0,17.0,237.0,0.0,6.0,52.0,0.0,0.0,0.0,0.0,0.0,0.0,0.0,0.0,0.0,0.0
부산교통공사(D112),16.0,42224.0,0.0,582.0,22998595.0,686739.0,1.0,114.0,0.0,1.0,10.0,0.0,38.0,929190.0,22733.0,10.0,9820.0,5.0,0.0,0.0,0.0,0.0,0.0,0.0,0.0,0.0,0.0
부산도시공사(D114),0.0,0.0,0.0,2.0,52.0,0.0,0.0,0.0,0.0,0.0,0.0,0.0,1.0,26.0,0.0,0.0,0.0,0.0,0.0,0.0,0.0,0.0,0.0,0.0,0.0,0.0,0.0
부산시설공단(D116),13.0,102977.0,0.0,20.0,77327.0,50609.0,0.0,0.0,0.0,7.0,107838.0,5.0,17.0,319209.0,43.0,1.0,5.0,0.0,0.0,0.0,0.0,0.0,0.0,0.0,0.0,0.0,0.0
대외경제정책연구원(D117),36.0,180.0,0.0,12281.0,21852792.0,3771969.0,36.0,180.0,0.0,0.0,0.0,0.0,20.0,270.0,0.0,0.0,0.0,0.0,0.0,0.0,0.0,0.0,0.0,0.0,0.0,0.0,0.0
부산지방공단스포원(D118),7.0,22.0,0.0,27.0,3149.0,0.0,2.0,412.0,0.0,3.0,33.0,0.0,23.0,399.0,21.0,5.0,41.0,0.0,0.0,0.0,0.0,0.0,0.0,0.0,0.0,0.0,0.0
대한장애인체육회(D119),0.0,0.0,0.0,8.0,160.0,0.0,0.0,0.0,0.0,1.0,35.0,0.0,4.0,18921.0,17817.0,2.0,76.0,68.0,0.0,0.0,0.0,0.0,0.0,0.0,0.0,0.0,0.0
부산항만공사(D120),0.0,0.0,0.0,26.0,888.0,0.0,0.0,0.0,0.0,0.0,0.0,0.0,7.0,516.0,67.0,0.0,0.0,0.0,0.0,0.0,0.0,0.0,0.0,0.0,0.0,0.0,0.0
대한적십자사(D121),6.0,157.0,88.0,5.0,1315.0,0.0,5.0,120.0,0.0,0.0,0.0,0.0,14.0,1501.0,948.0,4.0,212.0,1.0,0.0,0.0,0.0,0.0,0.0,0.0,0.0,0.0,0.0
대한체육회(D122),1.0,5428.0,0.0,11.0,1527891.0,1.0,0.0,0.0,0.0,0.0,0.0,0.0,24.0,4470245.0,1403403.0,1.0,9600.0,131.0,6.0,410361.0,630.0,0.0,0.0,0.0,0.0,0.0,0.0
사립학교교직원연금공단(D124),341.0,10694.0,0.0,1318.0,55175.0,0.0,50.0,1711.0,0.0,2.0,163.0,0.0,137.0,12633.0,68.0,11.0,48.0,0.0,0.0,0.0,0.0,0.0,0.0,0.0,0.0,0.0,0.0
서울교통공사(D128),21.0,209732.0,0.0,839.0,50332217.0,1698.0,77.0,124696.0,0.0,12.0,207649.0,0.0,36.0,3126481.0,141.0,6.0,1197.0,0.0,0.0,0.0,0.0,0.0,0.0,0.0,0.0,0.0,0.0
서울시설공단(D131),46.0,6639.0,67.0,182.0,30377.0,672.0,0.0,0.0,0.0,1.0,65.0,0.0,126.0,43481.0,5130.0,3.0,246.0,0.0,0.0,0.0,0.0,0.0,0.0,0.0,0.0,0.0,0.0
서울에너지공사(D133),36.0,85149.0,0.0,4.0,9461.0,0.0,0.0,0.0,0.0,0.0,0.0,0.0,28.0,60154.0,5098.0,0.0,0.0,0.0,0.0,0.0,0.0,0.0,0.0,0.0,0.0,0.0,0.0
서울올림픽기념국민체육진흥공단(D135),60.0,1919.0,117.0,552.0,11676.0,0.0,0.0,0.0,0.0,0.0,0.0,0.0,26.0,1917.0,0.0,2.0,20667.0,2.0,0.0,0.0,0.0,0.0,0.0,0.0,0.0,0.0,0.0
세종도시교통공사(D140),0.0,0.0,0.0,0.0,0.0,0.0,0.0,0.0,0.0,0.0,0.0,0.0,2.0,10.0,2.0,0.0,0.0,0.0,0.0,0.0,0.0,0.0,0.0,0.0,0.0,0.0,0.0
세종특별자치시시설관리공단(D142),5.0,62.0,0.0,4.0,30.0,0.0,0.0,0.0,0.0,0.0,0.0,0.0,10.0,149.0,16.0,2.0,16.0,0.0,0.0,0.0,0.0,0.0,0.0,0.0,0.0,0.0,0.0
소상공인시장진흥공단(D144),3.0,662.0,199.0,313.0,3573920.0,1528.0,0.0,0.0,0.0,6.0,8512.0,0.0,32.0,3354172.0,38167.0,3.0,14345.0,397.0,0.0,0.0,0.0,0.0,0.0,0.0,0.0,0.0,0.0
서민금융진흥원(D145),13.0,62.0,0.0,31.0,173.0,0.0,0.0,0.0,0.0,0.0,0.0,0.0,18.0,68.0,0.0,9.0,925.0,0.0,0.0,0.0,0.0,0.0,0.0,0.0,0.0,0.0,0.0
시청자미디어재단(D148),0.0,0.0,0.0,66.0,3113.0,2.0,27.0,11367.0,0.0,0.0,0.0,0.0,192.0,9627.0,4.0,0.0,0.0,0.0,0.0,0.0,0.0,0.0,0.0,0.0,0.0,0.0,0.0
신용보증기금(D151),285.0,5866.0,442.0,473.0,26245.0,33.0,392.0,12888.0,3.0,0.0,0.0,0.0,36.0,26149.0,33.0,0.0,0.0,0.0,0.0,0.0,0.0,0.0,0.0,0.0,0.0,0.0,0.0
아시아문화원(D153),4.0,42.0,39.0,16.0,109.0,0.0,0.0,0.0,0.0,3.0,117.0,0.0,20.0,295.0,11.0,4.0,42.0,0.0,0.0,0.0,0.0,0.0,0.0,0.0,0.0,0.0,0.0
에너지경제연구원(D155),0.0,0.0,0.0,40.0,97450.0,0.0,0.0,0.0,0.0,0.0,0.0,0.0,1.0,60.0,0.0,0.0,0.0,0.0,0.0,0.0,0.0,0.0,0.0,0.0,0.0,0.0,0.0
여수광양항만공사(D157),0.0,0.0,0.0,333.0,8893.0,49.0,0.0,0.0,0.0,20.0,756.0,0.0,125.0,6469378.0,473340.0,2.0,25.0,0.0,0.0,0.0,0.0,0.0,0.0,0.0,0.0,0.0,0.0
예금보험공사(D160),2109.0,68309.0,0.0,321.0,28601.0,0.0,895.0,15828.0,0.0,41.0,3349.0,0.0,263.0,13086.0,0.0,164.0,39924.0,0.0,5.0,183.0,0.0,0.0,0.0,0.0,56.0,877.0,256.0
우체국금융개발원(D162),0.0,0.0,0.0,19.0,88.0,0.0,2.0,34.0,0.0,0.0,0.0,0.0,7.0,2282.0,98.0,6.0,138.0,14.0,0.0,0.0,0.0,0.0,0.0,0.0,0.0,0.0,0.0
우체국물류지원단(D164),4.0,5.0,0.0,120.0,5391.0,9.0,4.0,40.0,0.0,0.0,0.0,0.0,13.0,385.0,143.0,1.0,184.0,0.0,0.0,0.0,0.0,0.0,0.0,0.0,0.0,0.0,0.0
울산광역시도시공사(D167),5.0,15.0,13.0,28.0,161.0,9.0,6.0,10.0,0.0,1.0,2.0,0.0,18.0,96.0,8.0,3.0,6.0,0.0,0.0,0.0,0.0,0.0,0.0,0.0,0.0,0.0,0.0
울산시설공단(D169),42.0,37243.0,0.0,98.0,1547.0,0.0,2.0,6.0,0.0,0.0,0.0,0.0,76.0,74616.0,2.0,34.0,559.0,0.0,0.0,0.0,0.0,0.0,0.0,0.0,0.0,0.0,0.0
인천관광공사(D172),4.0,4.0,0.0,7.0,91.0,0.0,0.0,0.0,0.0,0.0,0.0,0.0,7.0,7.0,0.0,3.0,44.0,0.0,0.0,0.0,0.0,0.0,0.0,0.0,0.0,0.0,0.0
인천광역시 상수도사업본부(D174),0.0,0.0,0.0,61.0,303.0,68.0,1.0,10.0,0.0,0.0,0.0,0.0,1.0,6.0,0.0,0.0,0.0,0.0,0.0,0.0,0.0,0.0,0.0,0.0,0.0,0.0,0.0
인천교통공사(D176),44.0,2270.0,1598.0,1143.0,2485691.0,255610.0,15.0,215.0,63.0,0.0,0.0,0.0,3019.0,229613.0,126273.0,20.0,1085.0,146.0,0.0,0.0,0.0,0.0,0.0,0.0,0.0,0.0,0.0
인천국제공항공사(D178),13.0,8927.0,0.0,47.0,273667.0,0.0,0.0,0.0,0.0,0.0,0.0,0.0,11.0,39686.0,36.0,1.0,18.0,0.0,0.0,0.0,0.0,0.0,0.0,0.0,0.0,0.0,0.0
인천도시공사(D180),0.0,0.0,0.0,246.0,17959.0,268.0,0.0,0.0,0.0,0.0,0.0,0.0,0.0,0.0,0.0,0.0,0.0,0.0,0.0,0.0,0.0,0.0,0.0,0.0,0.0,0.0,0.0
인천시설공단(D182),16.0,1417956.0,16.0,30.0,221676.0,2460.0,0.0,0.0,0.0,62.0,1506135.0,0.0,74.0,4699104.0,20106.0,6.0,348.0,0.0,0.0,0.0,0.0,0.0,0.0,0.0,0.0,0.0,0.0
인천환경공단(D185),122.0,39371.0,0.0,6945.0,1542224.0,1707.0,310.0,67987.0,0.0,60.0,14348.0,4.0,187.0,60183.0,7320.0,0.0,0.0,0.0,0.0,0.0,0.0,0.0,0.0,0.0,0.0,0.0,0.0
전남개발공사(D192),5.0,59.0,0.0,6.0,194.0,0.0,0.0,0.0,0.0,0.0,0.0,0.0,1.0,16.0,16.0,1.0,15.0,0.0,0.0,0.0,0.0,0.0,0.0,0.0,0.0,0.0,0.0
전략물자관리원(D194),0.0,0.0,0.0,0.0,0.0,0.0,0.0,0.0,0.0,0.0,0.0,0.0,1.0,83.0,0.0,0.0,0.0,0.0,0.0,0.0,0.0,0.0,0.0,0.0,0.0,0.0,0.0
정보통신산업진흥원(D197),11.0,1579.0,144.0,4.0,607.0,16.0,0.0,0.0,0.0,1.0,74.0,0.0,2.0,75609.0,0.0,0.0,0.0,0.0,0.0,0.0,0.0,0.0,0.0,0.0,0.0,0.0,0.0
제주관광공사(D201),2.0,69806.0,0.0,16.0,237116.0,0.0,0.0,0.0,0.0,37.0,158071.0,0.0,97.0,653378.0,223515.0,2.0,3.0,0.0,0.0,0.0,0.0,0.0,0.0,0.0,0.0,0.0,0.0
제주국제자유도시개발센터(D203),385.0,9770.0,121.0,646.0,12085.0,71.0,38.0,789.0,0.0,1.0,44.0,0.0,50.0,11029.0,5674.0,6.0,1372.0,8.0,0.0,0.0,0.0,0.0,0.0,0.0,0.0,0.0,0.0
제주에너지공사(D205),1.0,13.0,13.0,516.0,44812.0,1617.0,0.0,0.0,0.0,0.0,0.0,0.0,38.0,4441.0,13.0,0.0,0.0,0.0,0.0,0.0,0.0,0.0,0.0,0.0,0.0,0.0,0.0
제주특별자치도개발공사(D208),16.0,372.0,0.0,281.0,456398.0,2.0,5.0,41.0,0.0,2.0,16014.0,0.0,71.0,31514.0,0.0,2.0,28.0,0.0,0.0,0.0,0.0,0.0,0.0,0.0,0.0,0.0,0.0
주택도시보증공사(D213),832.0,119200.0,1862.0,1152.0,173683.0,1586.0,1420.0,215503.0,3.0,0.0,0.0,0.0,618.0,483299.0,8935.0,36.0,2053.0,0.0,36.0,1868.0,235.0,0.0,0.0,0.0,3.0,34.0,0.0
중소기업기술정보진흥원(D215),1.0,22.0,0.0,25.0,17660.0,0.0,0.0,0.0,0.0,0.0,0.0,0.0,25.0,19672.0,0.0,0.0,0.0,0.0,0.0,0.0,0.0,0.0,0.0,0.0,0.0,0.0,0.0
중소벤처기업진흥공단(D217),479.0,100848.0,221.0,1048.0,51247.0,193.0,352.0,7370.0,31.0,63.0,256527.0,0.0,209.0,150823.0,0.0,23.0,5203.0,3.0,0.0,0.0,0.0,0.0,0.0,0.0,0.0,0.0,0.0
창업진흥원(D219),13.0,139.0,0.0,186.0,5855.0,1.0,56.0,1889.0,0.0,0.0,0.0,0.0,12.0,249.0,0.0,19.0,2356.0,0.0,0.0,0.0,0.0,0.0,0.0,0.0,0.0,0.0,0.0
창원시경륜공단(D221),0.0,0.0,0.0,2.0,532.0,0.0,0.0,0.0,0.0,0.0,0.0,0.0,176.0,85430504.0,24201612.0,0.0,0.0,0.0,0.0,0.0,0.0,0.0,0.0,0.0,0.0,0.0,0.0
충북개발공사(D224),20.0,1613.0,1409.0,7.0,656.0,243.0,2.0,320.0,138.0,4.0,362.0,0.0,24.0,2343.0,1269.0,3.0,199.0,0.0,0.0,0.0,0.0,0.0,0.0,0.0,0.0,0.0,0.0
한국가스공사(D232),71.0,6738.0,0.0,676.0,613330.0,259.0,12.0,288.0,0.0,0.0,0.0,0.0,126.0,338976.0,4706.0,0.0,0.0,0.0,0.0,0.0,0.0,0.0,0.0,0.0,0.0,0.0,0.0
한국가스안전공사(D234),3.0,4911.0,0.0,198.0,55375.0,13.0,13.0,538.0,0.0,3.0,348.0,0.0,53.0,29486.0,0.0,11.0,3361.0,0.0,0.0,0.0,0.0,0.0,0.0,0.0,0.0,0.0,0.0
한국부동산원(D236),2154.0,141135.0,0.0,23453.0,28543679.0,0.0,16387.0,2214127.0,2.0,0.0,0.0,0.0,0.0,0.0,0.0,0.0,0.0,0.0,0.0,0.0,0.0,0.0,0.0,0.0,0.0,0.0,0.0
한국건강가정진흥원(D238),0.0,0.0,0.0,55.0,6319.0,1.0,0.0,0.0,0.0,0.0,0.0,0.0,6.0,148.0,0.0,14.0,2531.0,0.0,0.0,0.0,0.0,0.0,0.0,0.0,0.0,0.0,0.0
한국건강증진개발원(D240),22.0,1633.0,0.0,364.0,847687.0,9.0,109.0,2908.0,0.0,27.0,234.0,0.0,89.0,568801.0,0.0,1.0,158.0,1.0,0.0,0.0,0.0,0.0,0.0,0.0,0.0,0.0,0.0
한국공항공사(D245),53.0,1870.0,0.0,946.0,43583.0,35.0,30.0,995.0,0.0,0.0,0.0,0.0,156.0,128965.0,9709.0,11.0,845.0,4.0,0.0,0.0,0.0,0.0,0.0,0.0,0.0,0.0,0.0
한국과학기술기획평가원(D247),5.0,131.0,0.0,0.0,0.0,0.0,0.0,0.0,0.0,0.0,0.0,0.0,20.0,4201.0,0.0,0.0,0.0,0.0,0.0,0.0,0.0,0.0,0.0,0.0,0.0,0.0,0.0
한국과학창의재단(D249),0.0,0.0,0.0,11.0,69231.0,0.0,0.0,0.0,0.0,5.0,28980.0,0.0,26.0,113683.0,43.0,1.0,178.0,1.0,0.0,0.0,0.0,0.0,0.0,0.0,0.0,0.0,0.0
한국관광공사(D251),0.0,0.0,0.0,13.0,26928.0,0.0,0.0,0.0,0.0,0.0,0.0,0.0,3.0,4582.0,0.0,1.0,14.0,0.0,0.0,0.0,0.0,0.0,0.0,0.0,0.0,0.0,0.0
한국광물자원공사(D253),12.0,14739.0,4.0,44.0,34104.0,1.0,1.0,60.0,0.0,0.0,0.0,0.0,12.0,9813.0,8.0,0.0,0.0,0.0,0.0,0.0,0.0,0.0,0.0,0.0,0.0,0.0,0.0
한국광해관리공단(D255),508.0,6120.0,2014.0,624.0,61944.0,25039.0,68.0,1042.0,0.0,0.0,0.0,0.0,61.0,1325.0,27.0,1.0,46.0,0.0,0.0,0.0,0.0,0.0,0.0,0.0,0.0,0.0,0.0
한국교육학술정보원(D257),20.0,66.0,1.0,179.0,271566.0,2.0,0.0,0.0,0.0,3.0,89.0,0.0,42.0,41835.0,8.0,0.0,0.0,0.0,0.0,0.0,0.0,0.0,0.0,0.0,0.0,0.0,0.0
한국교통안전공단(D259),139.0,4663.0,0.0,2785.0,19360684.0,3950.0,9.0,140.0,0.0,46.0,28939.0,0.0,159.0,2944005.0,11999.0,19.0,79977.0,29.0,11.0,16908.0,964.0,1.0,3.0,0.0,14.0,247.0,0.0
한국국제협력단(D261),80.0,97338.0,2845.0,17.0,24051.0,0.0,4.0,6349.0,0.0,1.0,3005.0,0.0,85.0,78961.0,28.0,4.0,3319.0,0.0,0.0,0.0,0.0,0.0,0.0,0.0,0.0,0.0,0.0
한국국토정보공사(D263),13.0,2824.0,1.0,29.0,2554.0,0.0,3.0,673.0,0.0,10.0,1703.0,0.0,41.0,16200.0,0.0,4.0,1486.0,0.0,0.0,0.0,0.0,0.0,0.0,0.0,0.0,0.0,0.0
한국기계연구원(D265),25.0,8164.0,0.0,62.0,45101.0,0.0,12.0,16459.0,0.0,37.0,14387.0,0.0,133.0,100967.0,0.0,5.0,4581.0,0.0,0.0,0.0,0.0,0.0,0.0,0.0,0.0,0.0,0.0
한국나노기술원(D268),24.0,141595.0,0.0,11.0,135040.0,0.0,2.0,2198.0,0.0,12.0,170470.0,0.0,54.0,2229956.0,178.0,0.0,0.0,0.0,0.0,0.0,0.0,0.0,0.0,0.0,0.0,0.0,0.0
한국남동발전㈜(D270),100.0,348999.0,3.0,2480.0,3238037.0,6570.0,48.0,68875.0,0.0,3.0,144110.0,0.0,261.0,1044708.0,2019.0,3.0,7.0,0.0,0.0,0.0,0.0,0.0,0.0,0.0,0.0,0.0,0.0
한국남부발전(주)(D272),16.0,564.0,0.0,890.0,2453542.0,0.0,5.0,75.0,0.0,1.0,136.0,0.0,98.0,92065.0,0.0,0.0,0.0,0.0,0.0,0.0,0.0,0.0,0.0,0.0,0.0,0.0,0.0
한국노인인력개발원(D274),7.0,13069.0,0.0,12.0,209240.0,0.0,0.0,0.0,0.0,17.0,122321.0,0.0,60.0,412997.0,0.0,19.0,11230.0,0.0,0.0,0.0,0.0,0.0,0.0,0.0,0.0,0.0,0.0
한국농수산식품유통공사(D276),35.0,4194290.0,268.0,94.0,2523052.0,543.0,8.0,1632.0,0.0,5.0,864233.0,0.0,65.0,3854831.0,12308.0,5.0,711.0,0.0,0.0,0.0,0.0,0.0,0.0,0.0,0.0,0.0,0.0
한국농어촌공사(D278),78.0,2403.0,633.0,4564.0,2161022.0,93.0,21.0,2323.0,30.0,0.0,0.0,0.0,182.0,369716.0,10.0,12.0,22716.0,91.0,0.0,0.0,0.0,0.0,0.0,0.0,0.0,0.0,0.0
한국농촌경제연구원(D280),0.0,0.0,0.0,0.0,0.0,0.0,0.0,0.0,0.0,0.0,0.0,0.0,0.0,0.0,0.0,0.0,0.0,0.0,0.0,0.0,0.0,0.0,0.0,0.0,0.0,0.0,0.0
한국도로공사(D283),26.0,3391054.0,0.0,2276.0,2418790.0,29955.0,24.0,11925.0,0.0,16.0,2950.0,0.0,49.0,123282.0,2555.0,12.0,14784.0,0.0,0.0,0.0,0.0,0.0,0.0,0.0,0.0,0.0,0.0
한국동서발전(주)(D285),42.0,28410.0,192.0,612.0,1018524.0,1.0,108.0,10654.0,0.0,14.0,21939.0,0.0,224.0,304086.0,235.0,0.0,0.0,0.0,0.0,0.0,0.0,0.0,0.0,0.0,0.0,0.0,0.0
한국무역보험공사(D290),127.0,4824.0,0.0,78.0,587171.0,0.0,68.0,138215.0,0.0,5.0,3985302.0,0.0,43.0,3080066.0,0.0,2.0,155.0,0.0,1.0,4383.0,0.0,0.0,0.0,0.0,3.0,100.0,0.0
한국문화정보원(D292),0.0,0.0,0.0,10.0,27165.0,0.0,0.0,0.0,0.0,0.0,0.0,0.0,11.0,7837.0,0.0,0.0,0.0,0.0,0.0,0.0,0.0,0.0,0.0,0.0,0.0,0.0,0.0
한국방송광고진흥공사(D296),0.0,0.0,0.0,12.0,41196.0,0.0,0.0,0.0,0.0,0.0,0.0,0.0,20.0,98700.0,0.0,4.0,4338.0,0.0,0.0,0.0,0.0,0.0,0.0,0.0,0.0,0.0,0.0
한국방송통신전파진흥원(D298),2.0,48.0,0.0,173.0,273440.0,95.0,11.0,1488.0,0.0,0.0,0.0,0.0,12.0,256765.0,253468.0,0.0,0.0,0.0,0.0,0.0,0.0,0.0,0.0,0.0,0.0,0.0,0.0
한국개발연구원(D299),0.0,0.0,0.0,0.0,0.0,0.0,0.0,0.0,0.0,0.0,0.0,0.0,1.0,1242.0,152.0,0.0,0.0,0.0,0.0,0.0,0.0,0.0,0.0,0.0,0.0,0.0,0.0
한국벤처투자(주)(D302),3.0,179.0,0.0,1.0,137.0,0.0,0.0,0.0,0.0,0.0,0.0,0.0,0.0,0.0,0.0,1.0,144.0,7.0,0.0,0.0,0.0,0.0,0.0,0.0,0.0,0.0,0.0
한국보건복지인력개발원(D304),2.0,572.0,0.0,15.0,6121.0,0.0,0.0,0.0,0.0,0.0,0.0,0.0,9.0,3095.0,0.0,1.0,286.0,0.0,0.0,0.0,0.0,0.0,0.0,0.0,0.0,0.0,0.0
한국보건산업진흥원(D306),0.0,0.0,0.0,5.0,38.0,0.0,0.0,0.0,0.0,0.0,0.0,0.0,1.0,91.0,0.0,0.0,0.0,0.0,0.0,0.0,0.0,0.0,0.0,0.0,0.0,0.0,0.0
한국보훈복지의료공단(D309),86.0,20050.0,0.0,1174.0,228360.0,0.0,2.0,8.0,0.0,44.0,5253.0,0.0,48.0,281682.0,0.0,17.0,3754.0,0.0,0.0,0.0,0.0,0.0,0.0,0.0,0.0,0.0,0.0
한국사학진흥재단(D311),68.0,52748.0,5.0,145.0,105985.0,0.0,39.0,63.0,0.0,22.0,100185.0,0.0,70.0,167223.0,5605.0,7.0,149977.0,9999.0,0.0,0.0,0.0,0.0,0.0,0.0,0.0,0.0,0.0
한국과학기술원(D312),10.0,8887.0,2570.0,79.0,5481.0,0.0,0.0,0.0,0.0,0.0,0.0,0.0,49.0,92599.0,22320.0,1.0,178.0,0.0,0.0,0.0,0.0,0.0,0.0,0.0,0.0,0.0,0.0
한국사회복지협의회(D313),0.0,0.0,0.0,26.0,1058.0,77.0,0.0,0.0,0.0,0.0,0.0,0.0,7.0,202.0,0.0,19.0,34741.0,335.0,0.0,0.0,0.0,0.0,0.0,0.0,0.0,0.0,0.0
한국사회적기업진흥원(D315),7.0,24117.0,0.0,10.0,5909.0,0.0,0.0,0.0,0.0,0.0,0.0,0.0,10.0,26752.0,0.0,10.0,6396.0,4.0,0.0,0.0,0.0,0.0,0.0,0.0,0.0,0.0,0.0
한국산림복지진흥원(D317),1.0,64.0,0.0,98.0,15051.0,2.0,1.0,84.0,0.0,0.0,0.0,0.0,17.0,3003.0,43.0,0.0,0.0,0.0,0.0,0.0,0.0,0.0,0.0,0.0,0.0,0.0,0.0
한국교육과정평가원(D318),4.0,110.0,0.0,181.0,208642.0,13955.0,37.0,12158.0,43.0,0.0,0.0,0.0,5.0,138.0,0.0,0.0,0.0,0.0,0.0,0.0,0.0,0.0,0.0,0.0,0.0,0.0,0.0
한국산업기술진흥원(D319),1.0,333.0,0.0,12.0,4599.0,0.0,3.0,1895.0,0.0,3.0,40632.0,0.0,36.0,126875.0,92.0,4.0,17884.0,0.0,0.0,0.0,0.0,0.0,0.0,0.0,0.0,0.0,0.0
한국산업기술평가관리원(D321),0.0,0.0,0.0,4.0,2113.0,0.0,0.0,0.0,0.0,0.0,0.0,0.0,6.0,2672.0,0.0,2.0,2826.0,0.0,0.0,0.0,0.0,0.0,0.0,0.0,0.0,0.0,0.0
한국산업단지공단(D323),1300.0,94742.0,0.0,6252.0,302134.0,0.0,804.0,39521.0,0.0,0.0,0.0,0.0,204.0,1412.0,0.0,0.0,0.0,0.0,0.0,0.0,0.0,0.0,0.0,0.0,277.0,25392.0,2.0
한국국제교류재단(D324),0.0,0.0,0.0,168.0,25200.0,0.0,0.0,0.0,0.0,0.0,0.0,0.0,22.0,2992.0,280.0,0.0,0.0,0.0,0.0,0.0,0.0,0.0,0.0,0.0,0.0,0.0,0.0
한국산업안전보건공단(D325),3.0,9234.0,0.0,925.0,114059.0,23.0,96.0,3056.0,0.0,7.0,65632.0,0.0,19.0,28694.0,1.0,7.0,20620.0,3.0,0.0,0.0,0.0,0.0,0.0,0.0,0.0,0.0,0.0
한국기술교육대학교(D328),0.0,0.0,0.0,62.0,1340.0,32.0,2.0,10.0,0.0,0.0,0.0,0.0,12.0,4819.0,0.0,0.0,0.0,0.0,0.0,0.0,0.0,0.0,0.0,0.0,0.0,0.0,0.0
한국산업인력공단(D329),0.0,0.0,0.0,261.0,1917632.0,0.0,37.0,45066.0,0.0,7.0,8186.0,0.0,61.0,668833.0,0.0,0.0,0.0,0.0,0.0,0.0,0.0,0.0,0.0,0.0,0.0,0.0,0.0
한국서부발전(주)(D335),8.0,721.0,0.0,124.0,111241.0,907.0,14.0,1096.0,0.0,0.0,0.0,0.0,59.0,76285.0,0.0,0.0,0.0,0.0,0.0,0.0,0.0,0.0,0.0,0.0,0.0,0.0,0.0
한국석유공사(D337),548.0,8209.0,1.0,382.0,6381.0,28.0,2.0,54.0,0.0,1.0,1233.0,0.0,14.0,378.0,0.0,0.0,0.0,0.0,0.0,0.0,0.0,0.0,0.0,0.0,0.0,0.0,0.0
한국석유관리원(D339),0.0,0.0,0.0,7.0,218.0,0.0,0.0,0.0,0.0,0.0,0.0,0.0,55.0,21335.0,0.0,32.0,10565.0,0.0,0.0,0.0,0.0,0.0,0.0,0.0,0.0,0.0,0.0
한국소방산업기술원(D343),0.0,0.0,0.0,8.0,34423.0,0.0,0.0,0.0,0.0,0.0,0.0,0.0,56.0,41538660.0,1.0,0.0,0.0,0.0,5.0,63.0,0.0,0.0,0.0,0.0,0.0,0.0,0.0
한국문화예술교육진흥원(D344),0.0,0.0,0.0,3.0,63.0,3.0,0.0,0.0,0.0,1.0,49.0,0.0,1.0,49.0,0.0,0.0,0.0,0.0,0.0,0.0,0.0,0.0,0.0,0.0,0.0,0.0,0.0
한국소비자원(D345),101.0,48153658.0,0.0,33.0,486421.0,0.0,0.0,0.0,0.0,224.0,96096952.0,0.0,199.0,49420952.0,6.0,0.0,0.0,0.0,0.0,0.0,0.0,0.0,0.0,0.0,0.0,0.0,0.0
한국문화예술위원회(D346),15.0,1480.0,0.0,231.0,707292.0,10192.0,2.0,88.0,0.0,12.0,806.0,252.0,147.0,1791906.0,6265.0,6.0,634.0,3.0,0.0,0.0,0.0,0.0,0.0,0.0,0.0,0.0,0.0
한국수력원자력(주)(D347),92.0,3599.0,0.0,590.0,26547.0,5245.0,70.0,1251.0,0.0,7.0,848.0,0.0,213.0,99626.0,2535.0,10.0,2238.0,3.0,0.0,0.0,0.0,0.0,0.0,0.0,26.0,486.0,0.0
한국문화재재단(D348),0.0,0.0,0.0,15.0,54.0,0.0,0.0,0.0,0.0,0.0,0.0,0.0,2.0,10.0,0.0,2.0,9.0,0.0,0.0,0.0,0.0,0.0,0.0,0.0,0.0,0.0,0.0
한국법제연구원(D350),0.0,0.0,0.0,3.0,5476.0,17.0,0.0,0.0,0.0,0.0,0.0,0.0,7.0,15960.0,2.0,0.0,0.0,0.0,0.0,0.0,0.0,0.0,0.0,0.0,0.0,0.0,0.0
한국수자원공사(D351),48.0,2793.0,381.0,446.0,8767725.0,261.0,5.0,7202.0,0.0,1.0,769883.0,0.0,87.0,3790452.0,3959.0,14.0,11942.0,32.0,7.0,2046.0,1.0,0.0,0.0,0.0,28.0,25672.0,0.0
한국보육진흥원(D355),0.0,0.0,0.0,168.0,2623.0,8.0,0.0,0.0,0.0,0.0,0.0,0.0,4.0,376.0,0.0,0.0,0.0,0.0,0.0,0.0,0.0,0.0,0.0,0.0,0.0,0.0,0.0
한국언론진흥재단(D358),76.0,555.0,0.0,2176.0,1149700.0,12.0,86.0,642.0,1.0,0.0,0.0,0.0,117.0,2845650.0,8675.0,0.0,0.0,0.0,0.0,0.0,0.0,0.0,0.0,0.0,0.0,0.0,0.0
한국에너지공단(D360),24.0,103472.0,523.0,232.0,566209.0,17298.0,2.0,1191.0,0.0,2.0,76.0,0.0,52.0,318943.0,1113.0,7.0,1219.0,0.0,0.0,0.0,0.0,0.0,0.0,0.0,0.0,0.0,0.0
한국에너지기술평가원(D362),0.0,0.0,0.0,16.0,824.0,0.0,0.0,0.0,0.0,3.0,508.0,0.0,49.0,3217.0,0.0,1.0,0.0,0.0,0.0,0.0,0.0,0.0,0.0,0.0,0.0,0.0,0.0
한국연구재단(D364),0.0,0.0,0.0,8.0,17427.0,0.0,1.0,2400.0,0.0,2.0,45118.0,0.0,8.0,188166.0,1.0,0.0,0.0,0.0,0.0,0.0,0.0,0.0,0.0,0.0,0.0,0.0,0.0
한국우편사업진흥원(D369),16.0,528.0,0.0,7.0,24.0,0.0,0.0,0.0,0.0,0.0,0.0,0.0,2.0,66.0,0.0,0.0,0.0,0.0,0.0,0.0,0.0,0.0,0.0,0.0,0.0,0.0,0.0
한국양성평등교육진흥원(D370),0.0,0.0,0.0,28.0,474.0,0.0,0.0,0.0,0.0,0.0,0.0,0.0,3.0,9.0,0.0,0.0,0.0,0.0,0.0,0.0,0.0,0.0,0.0,0.0,0.0,0.0,0.0
한국원자력안전기술원(D371),0.0,0.0,0.0,72.0,2078.0,0.0,0.0,0.0,0.0,0.0,0.0,0.0,2.0,117.0,0.0,0.0,0.0,0.0,0.0,0.0,0.0,0.0,0.0,0.0,0.0,0.0,0.0
한국원자력의학원(D373),0.0,0.0,0.0,7.0,407.0,0.0,0.0,0.0,0.0,0.0,0.0,0.0,1.0,93.0,0.0,0.0,0.0,0.0,0.0,0.0,0.0,0.0,0.0,0.0,0.0,0.0,0.0
한국의료기기안전정보원(D376),0.0,0.0,0.0,7.0,7911.0,0.0,0.0,0.0,0.0,2.0,775.0,0.0,15.0,9430.0,1067.0,1.0,103097.0,0.0,0.0,0.0,0.0,0.0,0.0,0.0,0.0,0.0,0.0
한국인터넷진흥원(D380),3.0,265.0,59.0,32.0,3135.0,0.0,0.0,0.0,0.0,9.0,223.0,0.0,31.0,4711.0,0.0,0.0,0.0,0.0,0.0,0.0,0.0,0.0,0.0,0.0,0.0,0.0,0.0
한국임업진흥원(D382),0.0,0.0,0.0,22.0,3072.0,320.0,0.0,0.0,0.0,0.0,0.0,0.0,11.0,2070.0,645.0,1.0,3.0,0.0,0.0,0.0,0.0,0.0,0.0,0.0,0.0,0.0,0.0
한국원자력연구원(D383),0.0,0.0,0.0,63.0,8787221.0,299.0,0.0,0.0,0.0,0.0,0.0,0.0,45.0,1000941.0,616.0,0.0,0.0,0.0,0.0,0.0,0.0,0.0,0.0,0.0,0.0,0.0,0.0
한국자산관리공사(D384),111.0,429412.0,0.0,275.0,342803.0,0.0,32.0,48023.0,0.0,22.0,1031579.0,0.0,269.0,933725.0,0.0,0.0,0.0,0.0,0.0,0.0,0.0,0.0,0.0,0.0,0.0,0.0,0.0
한국잡월드(D386),0.0,0.0,0.0,132.0,10499.0,0.0,0.0,0.0,0.0,0.0,0.0,0.0,10.0,1086.0,258.0,0.0,0.0,0.0,0.0,0.0,0.0,0.0,0.0,0.0,0.0,0.0,0.0
한국의약품안전관리원(D387),0.0,0.0,0.0,21.0,94673.0,315.0,0.0,0.0,0.0,0.0,0.0,0.0,52.0,1986733.0,1415795.0,0.0,0.0,0.0,0.0,0.0,0.0,0.0,0.0,0.0,0.0,0.0,0.0
한국장애인고용공단(D388),81.0,50523.0,0.0,1118.0,2719305.0,348.0,109.0,189149.0,0.0,3.0,422.0,0.0,87.0,131434.0,753.0,21.0,3787.0,35.0,0.0,0.0,0.0,0.0,0.0,0.0,0.0,0.0,0.0
한국장학재단(D390),143.0,11732168.0,13.0,149.0,13570278.0,0.0,13.0,886.0,0.0,49.0,1486088.0,0.0,223.0,13515347.0,45.0,0.0,0.0,0.0,15.0,5217.0,3.0,1.0,6386.0,45.0,6.0,2333.0,0.0
한국장애인개발원(D391),0.0,0.0,0.0,0.0,0.0,0.0,0.0,0.0,0.0,0.0,0.0,0.0,2.0,7145.0,87.0,2.0,333.0,0.0,0.0,0.0,0.0,0.0,0.0,0.0,0.0,0.0,0.0
한국재정정보원(D392),2968.0,22588.0,24.0,4.0,36.0,0.0,39.0,519.0,0.0,0.0,0.0,0.0,420.0,3118.0,0.0,0.0,0.0,0.0,0.0,0.0,0.0,0.0,0.0,0.0,0.0,0.0,0.0
한국전기안전공사(D395),3.0,39.0,0.0,907.0,164595.0,281.0,51.0,4762.0,306.0,0.0,0.0,0.0,59.0,9164.0,4970.0,0.0,0.0,0.0,0.0,0.0,0.0,0.0,0.0,0.0,0.0,0.0,0.0
한국전력거래소(D397),19.0,3585.0,0.0,348.0,9405148.0,0.0,4.0,71424.0,0.0,0.0,0.0,0.0,69.0,8811325.0,301.0,0.0,0.0,0.0,0.0,0.0,0.0,0.0,0.0,0.0,0.0,0.0,0.0
한국전력공사(D399),48.0,49425.0,0.0,702.0,6305832.0,57.0,13.0,40942.0,0.0,11.0,23304.0,0.0,209.0,6805130.0,256.0,7.0,47789.0,0.0,0.0,0.0,0.0,0.0,0.0,0.0,0.0,0.0,0.0
한국지능정보사회진흥원(D400),0.0,0.0,0.0,11.0,3261.0,0.0,0.0,0.0,0.0,0.0,0.0,0.0,12.0,1367.0,0.0,2.0,388.0,0.0,0.0,0.0,0.0,0.0,0.0,0.0,0.0,0.0,0.0
한국전력기술(주)(D401),14.0,265.0,0.0,28.0,731.0,0.0,5.0,49.0,0.0,2.0,2775.0,0.0,18.0,1351.0,0.0,2.0,12.0,0.0,0.0,0.0,0.0,0.0,0.0,0.0,0.0,0.0,0.0
한국지식재산연구원(D402),0.0,0.0,0.0,0.0,0.0,0.0,0.0,0.0,0.0,0.0,0.0,0.0,6.0,91038.0,110.0,0.0,0.0,0.0,0.0,0.0,0.0,0.0,0.0,0.0,0.0,0.0,0.0
한국조폐공사(D405),6.0,259.0,68.0,57.0,1342.0,46.0,2.0,171.0,0.0,0.0,0.0,0.0,37.0,4575.0,0.0,3.0,91.0,0.0,0.0,0.0,0.0,0.0,0.0,0.0,0.0,0.0,0.0
한국주택금융공사(D407),4014.0,1032281.0,126997.0,2269.0,607189.0,10439.0,1272.0,198019.0,8608.0,330.0,136389.0,0.0,2756.0,1410689.0,455263.0,11.0,1665.0,520.0,29.0,17449.0,82.0,1.0,36.0,0.0,61.0,12221.0,1993.0
한국중부발전(주)(D409),100.0,2232.0,0.0,219.0,13815.0,34.0,0.0,0.0,0.0,0.0,0.0,0.0,53.0,35113.0,240.0,2.0,105.0,0.0,0.0,0.0,0.0,0.0,0.0,0.0,0.0,0.0,0.0
한국지식재산보호원(D411),0.0,0.0,0.0,0.0,0.0,0.0,0.0,0.0,0.0,0.0,0.0,0.0,1.0,2734.0,0.0,0.0,0.0,0.0,0.0,0.0,0.0,0.0,0.0,0.0,0.0,0.0,0.0
한국지역난방공사(D413),38.0,744.0,0.0,504.0,4663778.0,7.0,12.0,194159.0,0.0,2.0,193773.0,0.0,162.0,550023.0,37843.0,4.0,332.0,2.0,0.0,0.0,0.0,0.0,0.0,0.0,0.0,0.0,0.0
한국직업능력개발원(D415),0.0,0.0,0.0,38.0,681.0,0.0,0.0,0.0,0.0,0.0,0.0,0.0,8.0,54014.0,0.0,0.0,0.0,0.0,0.0,0.0,0.0,0.0,0.0,0.0,0.0,0.0,0.0
한국철도공사(D417),289.0,125350.0,0.0,3766.0,1046088.0,0.0,19.0,1187.0,0.0,1.0,405.0,0.0,182.0,7512.0,0.0,0.0,0.0,0.0,1.0,1924.0,0.0,0.0,0.0,0.0,22.0,549.0,0.0
한국한의학연구원(D419),4.0,167.0,0.0,121.0,38032.0,0.0,0.0,0.0,0.0,8.0,2801.0,0.0,41.0,40881.0,173.0,0.0,0.0,0.0,0.0,0.0,0.0,0.0,0.0,0.0,0.0,0.0,0.0
한국청소년상담복지개발원(D420),0.0,0.0,0.0,10.0,134.0,0.0,0.0,0.0,0.0,0.0,0.0,0.0,1.0,1418.0,0.0,0.0,0.0,0.0,0.0,0.0,0.0,0.0,0.0,0.0,0.0,0.0,0.0
한국항공우주연구원(D421),3.0,2674.0,59.0,57.0,2946.0,0.0,0.0,0.0,0.0,1.0,780.0,0.0,47.0,5428.0,4.0,0.0,0.0,0.0,0.0,0.0,0.0,0.0,0.0,0.0,0.0,0.0,0.0
한국청소년활동진흥원(D422),28.0,85320.0,7025.0,30.0,92217.0,0.0,0.0,0.0,0.0,12.0,27376.0,0.0,78.0,230420.0,2994.0,18.0,47889.0,4.0,0.0,0.0,0.0,0.0,0.0,0.0,0.0,0.0,0.0
한국콘텐츠진흥원(D425),0.0,0.0,0.0,12.0,149695.0,1949.0,0.0,0.0,0.0,21.0,14018.0,3632.0,45.0,160635.0,7981.0,0.0,0.0,0.0,0.0,0.0,0.0,0.0,0.0,0.0,0.0,0.0,0.0
한국토지주택공사(D427),45.0,224135.0,13091.0,360.0,1941242.0,0.0,1.0,30.0,0.0,0.0,0.0,0.0,51.0,194381.0,3446.0,1.0,452.0,0.0,0.0,0.0,0.0,0.0,0.0,0.0,0.0,0.0,0.0
한국표준과학연구원(D430),1.0,205.0,187.0,9.0,1329.0,0.0,0.0,0.0,0.0,4.0,612.0,0.0,6.0,11507.0,33.0,0.0,0.0,0.0,0.0,0.0,0.0,0.0,0.0,0.0,0.0,0.0,0.0
한국학중앙연구원(D432),3.0,1600.0,176.0,68.0,1299345.0,934.0,0.0,0.0,0.0,41.0,81714.0,16784.0,114.0,534278.0,165247.0,5.0,1189.0,1020.0,0.0,0.0,0.0,0.0,0.0,0.0,0.0,0.0,0.0
한국환경공단(D435),485.0,48610.0,0.0,917.0,17264872.0,64.0,94.0,184218.0,0.0,71.0,7951464.0,0.0,343.0,21668267.0,11261.0,21.0,222935.0,19.0,0.0,0.0,0.0,0.0,0.0,0.0,0.0,0.0,0.0
한국환경산업기술원(D437),41.0,138140.0,0.0,192.0,81192.0,9.0,16.0,99484.0,0.0,9.0,91780.0,0.0,67.0,606470.0,0.0,18.0,134445.0,31.0,15.0,256867.0,13.0,0.0,0.0,0.0,6.0,68.0,3.0
한국환경정책평가연구원(D439),0.0,0.0,0.0,0.0,0.0,0.0,0.0,0.0,0.0,0.0,0.0,0.0,3.0,6965.0,0.0,1.0,2588.0,0.0,0.0,0.0,0.0,0.0,0.0,0.0,0.0,0.0,0.0
한전KDN(주)(D441),21.0,2529.0,0.0,76.0,10248.0,0.0,0.0,0.0,0.0,6.0,701.0,0.0,62.0,10007.0,0.0,8.0,11148.0,0.0,0.0,0.0,0.0,0.0,0.0,0.0,0.0,0.0,0.0
한전케이피에스주식회사(D443),0.0,0.0,0.0,3.0,58.0,0.0,0.0,0.0,0.0,0.0,0.0,0.0,8.0,262.0,0.0,0.0,0.0,0.0,0.0,0.0,0.0,0.0,0.0,0.0,0.0,0.0,0.0
해양환경공단(D446),1.0,55201.0,0.0,1465.0,62743177.0,0.0,1.0,102116.0,0.0,0.0,0.0,0.0,118.0,5530533.0,8928.0,0.0,0.0,0.0,0.0,0.0,0.0,0.0,0.0,0.0,0.0,0.0,0.0
한국해양교통안전공단(D447),0.0,0.0,0.0,34.0,1136988.0,0.0,0.0,0.0,0.0,0.0,0.0,0.0,4.0,387340.0,193670.0,0.0,0.0,0.0,0.0,0.0,0.0,0.0,0.0,0.0,0.0,0.0,0.0
한국사회보장정보원(D449),0.0,0.0,0.0,4.0,5594.0,0.0,0.0,0.0,0.0,0.0,0.0,0.0,8.0,74207.0,0.0,4.0,224669.0,128.0,0.0,0.0,0.0,0.0,0.0,0.0,0.0,0.0,0.0
서울주택도시공사(D450),12.0,655.0,96.0,112.0,15655.0,0.0,0.0,0.0,0.0,0.0,0.0,0.0,34.0,5921.0,0.0,0.0,0.0,0.0,0.0,0.0,0.0,0.0,0.0,0.0,0.0,0.0,0.0
국립부산과학관(D459),4.0,226.0,0.0,17.0,102025.0,0.0,0.0,0.0,0.0,1.0,7.0,0.0,29.0,88446.0,32725.0,0.0,0.0,0.0,0.0,0.0,0.0,0.0,0.0,0.0,0.0,0.0,0.0
부산광역시 상수도사업본부(D463),74.0,3915735.0,0.0,48.0,1098566.0,2360.0,3.0,72.0,0.0,2.0,9937.0,0.0,38.0,2356661.0,693.0,0.0,0.0,0.0,0.0,0.0,0.0,0.0,0.0,0.0,0.0,0.0,0.0
울산항만공사(D471),0.0,0.0,0.0,8.0,8.0,0.0,0.0,0.0,0.0,0.0,0.0,0.0,7.0,7.0,0.0,1.0,1.0,0.0,0.0,0.0,0.0,0.0,0.0,0.0,0.0,0.0,0.0
통일연구원(D479),0.0,0.0,0.0,3.0,102786.0,0.0,0.0,0.0,0.0,0.0,0.0,0.0,0.0,0.0,0.0,0.0,0.0,0.0,0.0,0.0,0.0,0.0,0.0,0.0,0.0,0.0,0.0
한국수목원관리원(D483),0.0,0.0,0.0,1.0,101550.0,0.0,0.0,0.0,0.0,0.0,0.0,0.0,5.0,478972.0,0.0,0.0,0.0,0.0,0.0,0.0,0.0,0.0,0.0,0.0,0.0,0.0,0.0
한국승강기안전공단(D485),0.0,0.0,0.0,21.0,6825741.0,0.0,0.0,0.0,0.0,0.0,0.0,0.0,7.0,7713.0,6.0,0.0,0.0,0.0,0.0,0.0,0.0,0.0,0.0,0.0,0.0,0.0,0.0
한국저작권위원회(D489),20.0,260.0,260.0,99.0,1026.0,412.0,0.0,0.0,0.0,0.0,0.0,0.0,0.0,0.0,0.0,0.0,0.0,0.0,0.0,0.0,0.0,0.0,0.0,0.0,0.0,0.0,0.0
의료기관평가인증원(D692),0.0,0.0,0.0,0.0,0.0,0.0,0.0,0.0,0.0,0.0,0.0,0.0,12.0,102520.0,50895.0,0.0,0.0,0.0,0.0,0.0,0.0,0.0,0.0,0.0,0.0,0.0,0.0
