과학기술정보통신부(A003),0,0,0,0,0,0,0,0,0,0,0,0,0,0,0,0,0,0,0,0,0,0,0,0,0,0,0
교육부(A005),395,289562,0,277,1243808,50661,52,201270,0,22,157867,0,396,338246,50141,4,5942,792,0,0,0,0,0,0,0,0,0
국방부(A007),2,363800,0,42,1990233,732307,1,394,0,0,0,0,44,580909,48462,1,11508,237,0,0,0,0,0,0,0,0,0
국토교통부(A009),595,2649628,12323,1720,17030580,72178,218,5157566,5101,15,626637,0,834,11741445,2082701,55,99005,509,0,0,0,0,0,0,0,0,0
기획재정부(A011),225,337609,4,16,15375,31,2,49,0,0,0,0,40,93796,18063,0,0,0,0,0,0,0,0,0,0,0,0
농림축산식품부(A013),2,2988,0,366,67034,4670,1,71,71,0,0,0,0,0,0,0,0,0,0,0,0,0,0,0,0,0,0
문화체육관광부(A015),1,3408,0,36,223743,0,0,0,0,10,14884,0,16,93227,82574,1,16716,279,0,0,0,0,0,0,0,0,0
질병관리청(A018),0,0,0,47,30472,145,0,0,0,13,30900,0,42,65148,25742,0,0,0,0,0,0,0,0,0,0,0,0
보건복지부(A019),1,13,0,332,4085,0,0,0,0,0,0,0,10,116,0,0,0,0,0,0,0,0,0,0,0,0,0
산업통상자원부(A020),0,0,0,2,12,0,0,0,0,0,0,0,0,0,0,0,0,0,0,0,0,0,0,0,0,0,0
여성가족부(A021),14,258,0,559,10564,0,194,3886,0,0,0,0,53,909,233,0,0,0,0,0,0,0,0,0,0,0,0
중소벤처기업부(A022),1,323,315,3,645,0,0,0,0,0,0,0,10,37911,740,4,327,41,0,0,0,0,0,0,0,0,0
통일부(A023),0,0,0,0,0,0,0,0,0,0,0,0,3,8741,8735,0,0,0,0,0,0,0,0,0,0,0,0
해양수산부(A024),0,0,0,0,0,0,0,0,0,0,0,0,0,0,0,0,0,0,0,0,0,0,0,0,0,0,0
행정안전부(A025),117,228323,249,1162,5121449,56512,9,162,0,241,1092448,396,1384,5857785,5850180,470,2921411,1666319,0,0,0,0,0,0,0,0,0
환경부(A026),0,0,0,841,161707,4404,0,0,0,15,127094,1,24,235235,967,2,55,1,0,0,0,0,0,0,0,0,0
관세청(A030),2,4283,4216,2,134,0,137,169403,169403,0,0,0,2,18033,0,0,0,0,0,0,0,0,0,0,0,0,0
기상청(A032),0,0,0,272,12507736,346397,9,986925,0,0,0,0,59,1157252,100344,0,0,0,0,0,0,0,0,0,0,0,0
농촌진흥청(A033),0,0,0,12,57344,0,0,0,0,0,0,0,4,10281,45,0,0,0,0,0,0,0,0,0,0,0,0
문화재청(A034),0,0,0,0,0,0,0,0,0,0,0,0,1,75,0,0,0,0,0,0,0,0,0,0,0,0,0
병무청(A036),0,0,0,38,422,125,2,6,0,0,0,0,0,0,0,0,0,0,0,0,0,0,0,0,0,0,0
소방청(A039),0,0,0,0,0,0,0,0,0,0,0,0,0,0,0,2,1242,15,0,0,0,0,0,0,0,0,0
조달청(A040),19,100,32,7,31892,192,0,0,0,0,0,0,8,41808,33307,2,7990,44,0,0,0,0,0,0,0,0,0
통계청(A041),52,23595524,0,75,20625513,12,0,0,0,44,159263,40,103,15160076,114217,0,0,0,0,0,0,0,0,0,0,0,0
국민권익위원회(A045),1,6,0,1,6,0,6,36,0,0,0,0,1,6,0,0,0,0,0,0,0,0,0,0,0,0,0
방송통신위원회(A046),0,0,0,3,604317,0,0,0,0,0,0,0,0,0,0,0,0,0,0,0,0,0,0,0,0,0,0
외교부(A049),0,0,0,0,0,0,0,0,0,0,0,0,0,0,0,0,0,0,0,0,0,0,0,0,0,0,0
공정거래위원회(A050),0,0,0,0,0,0,0,0,0,5,120844,0,5,120756,3,10,235940,496,0,0,0,0,0,0,0,0,0
식품의약품안전처(A052),21,839,517,782,18037,494,7,174,0,0,0,0,79,1809,859,0,0,0,0,0,0,0,0,0,0,0,0
경기도(B002),35,765704,0,326,15145773,28144,17,316049,0,44,125672,0,184,24153476,8336129,62,193467,721,0,0,0,0,0,0,0,0,0
경상남도(B003),0,0,0,0,0,0,545,2918,0,0,0,0,0,0,0,0,0,0,0,0,0,0,0,0,0,0,0
경상북도(B004),0,0,0,3,3130,5,0,0,0,0,0,0,11,19413,2,0,0,0,0,0,0,0,0,0,0,0,0
광주광역시(B005),0,0,0,73,2884,0,7,106,0,0,0,0,13,392,0,4,226,1,0,0,0,0,0,0,0,0,0
대구광역시(B006),1,37558,0,16,574194,271805,0,0,0,0,0,0,58,9833933,4776284,0,0,0,0,0,0,0,0,0,0,0,0
대전광역시(B007),0,0,0,27,136,0,0,0,0,0,0,0,1,63,0,0,0,0,0,0,0,0,0,0,0,0,0
부산광역시(B008),0,0,0,0,0,0,0,0,0,0,0,0,2,84,0,2,36,0,0,0,0,0,0,0,0,0,0
서울특별시(B009),314,9074498,4200,6866,329473053,9933566,174,15302004,44,486,7676303,1082,4153,132254535,51798332,626,2383539,1104583,0,0,0,0,0,0,0,0,0
세종특별자치시(B010),4,253945,0,5,301634,0,0,0,0,0,0,0,8,507890,253945,0,0,0,0,0,0,0,0,0,0,0,0
울산광역시(B011),4,35,19,86,378,100,3,14,0,0,0,0,10,67,24,1,4,0,0,0,0,0,0,0,0,0,0
인천광역시(B012),282,3339052,0,142,1648451,2,32,354368,480,2,20046,0,37,507866,437213,6,551,6,0,0,0,0,0,0,0,0,0
전라북도(B014),17,1208,1,1105,173718,68748,39,1717,285,4,10580,0,44,110495,8919,1,42,0,0,0,0,0,0,0,0,0,0
제주특별자치도(B015),94,64378,0,1086,12697248,0,901,12674558,0,67,562,0,199,1307786,40043,5,35,1,0,0,0,0,0,0,0,0,0
충청남도(B016),0,0,0,222,12805,654,0,0,0,0,0,0,34,2337,1266,0,0,0,0,0,0,0,0,0,0,0,0
강원도 강릉시(C001),10,2439,3,123,64452,68,0,0,0,2,6702,0,41,34626,1364,1,0,0,0,0,0,0,0,0,0,0,0
강원도 철원군(C012),1,172028,0,8,54961,0,0,0,0,0,0,0,4,688112,172028,0,0,0,0,0,0,0,0,0,0,0,0
강원도 평창군(C015),4,18765,0,4,18765,0,0,0,0,0,0,0,8,37530,18765,0,0,0,0,0,0,0,0,0,0,0,0
경기도 과천시(C021),69,25534,6,32,24988,0,9,237,0,6,266,0,35,49558,0,0,0,0,0,0,0,0,0,0,0,0,0
경기도 광명시(C022),2,4,0,2,4,0,0,0,0,0,0,0,2,4,0,2,4,0,0,0,0,0,0,0,0,0,0
경기도 구리시(C024),4,96596,0,4,96596,0,0,0,0,0,0,0,12,289788,0,0,0,0,0,0,0,0,0,0,0,0,0
경기도 양주시(C036),0,0,0,33,104424,0,0,0,0,3,1030,0,37,62505,162,2,18,0,0,0,0,0,0,0,0,0,0
경기도 용인시(C041),4,605628,605609,4,605628,0,0,0,0,0,0,0,8,1211256,0,0,0,0,0,0,0,0,0,0,0,0,0
경기도 의왕시(C042),1,1,0,13,1733,0,0,0,0,92,10448,1,102,12130,3,0,0,0,0,0,0,0,0,0,0,0,0
경기도 포천시(C047),0,0,0,5,0,0,0,0,0,0,0,0,8,63,0,2,21,0,0,0,0,0,0,0,0,0,0
경상남도 사천시(C056),4,117892,0,4,117892,0,0,0,0,0,0,0,8,235784,117892,0,0,0,0,0,0,0,0,0,0,0,0
경상남도 창원시(C062),0,0,0,1,10,10,0,0,0,8,496,0,5,5370,10,1,495,13,0,0,0,0,0,0,0,0,0
경상북도 고령군(C070),0,0,0,0,0,0,0,0,0,0,0,0,3,3948,3948,0,0,0,0,0,0,0,0,0,0,0,0
경상북도 군위군(C072),3,34360,0,3,34360,0,0,0,0,0,0,0,6,68720,34360,0,0,0,0,0,0,0,0,0,0,0,0
경상북도 안동시(C078),0,0,0,0,0,0,0,0,0,0,0,0,16,6709,1,12,1880,0,0,0,0,0,0,0,0,0,0
광주광역시 북구(C094),0,0,0,0,0,0,0,0,0,0,0,0,2,299,0,0,0,0,0,0,0,0,0,0,0,0,0
대구광역시 서구(C101),3,103482,0,5,104676,0,0,0,0,0,0,0,7,207561,103482,0,0,0,0,0,0,0,0,0,0,0,0
대전광역시 서구(C106),4,384378,384378,4,384378,0,0,0,0,0,0,0,4,384378,384378,0,0,0,0,0,0,0,0,0,0,0,0
대전광역시 유성구(C107),0,0,0,1,40,0,0,0,0,0,0,0,0,0,0,1,40,1,0,0,0,0,0,0,0,0,0
부산광역시 남구(C112),4,116194,116190,4,116194,0,0,0,0,0,0,0,8,232388,116194,0,0,0,0,0,0,0,0,0,0,0,0
부산광역시 사상구(C117),4,207338,0,4,207338,0,0,0,0,0,0,0,8,414676,207338,0,0,0,0,0,0,0,0,0,0,0,0
부산광역시 연제구(C121),4,102753,0,4,102753,0,0,0,0,0,0,0,8,205506,0,0,0,0,0,0,0,0,0,0,0,0,0
서울특별시 강동구(C126),0,0,0,0,0,0,0,0,0,0,0,0,0,0,0,5,334,1,0,0,0,0,0,0,0,0,0
서울특별시 강북구(C127),0,0,0,10,68,0,0,0,0,0,0,0,6,64,64,5,51,19,0,0,0,0,0,0,0,0,0
서울특별시 강서구(C128),0,0,0,1,8,0,0,0,0,0,0,0,1,8,8,0,0,0,0,0,0,0,0,0,0,0,0
서울특별시 관악구(C129),0,0,0,5,105,0,0,0,0,0,0,0,1,83,83,0,0,0,0,0,0,0,0,0,0,0,0
서울특별시 도봉구(C134),4,8,0,5,10,0,0,0,0,0,0,0,3,6,6,0,0,0,0,0,0,0,0,0,0,0,0
서울특별시 동대문구(C135),0,0,0,0,0,0,0,0,0,0,0,0,4,3660,0,0,0,0,0,0,0,0,0,0,0,0,0
서울특별시 동작구(C136),0,0,0,20,1234,45,0,0,0,2,235,1,14,282,282,3,348,283,0,0,0,0,0,0,0,0,0
서울특별시 마포구(C137),0,0,0,68,2170,0,0,0,0,5,20,0,14,9425,280,6,68,0,0,0,0,0,0,0,0,0,0
서울특별시 서대문구(C138),32,1929,0,249,154595,1253,0,0,0,31,39605,0,207,174529,171589,67,81895,62272,0,0,0,0,0,0,0,0,0
서울특별시 서초구(C139),21,3142,0,264,106321,1592,0,0,0,26,23354,0,181,281914,256882,80,82180,48412,0,0,0,0,0,0,0,0,0
서울특별시 성동구(C140),0,0,0,1,1120,0,0,0,0,0,0,0,1,1120,0,0,0,0,0,0,0,0,0,0,0,0,0
서울특별시 양천구(C143),5,312,0,61,1449,0,0,0,0,0,0,0,95,138309,138309,32,37020,24551,0,0,0,0,0,0,0,0,0
서울특별시 은평구(C146),5,249,217,97,24462,207,34,7616,0,7,95,1,58,214349,235,69,7590,2122,0,0,0,0,0,0,0,0,0
서울특별시 중구(C148),0,0,0,0,0,0,0,0,0,0,0,0,0,0,0,0,0,0,0,0,0,0,0,0,0,0,0
인천광역시 서구(C161),8,291025,0,8,291025,0,0,0,0,0,0,0,16,582050,291025,0,0,0,0,0,0,0,0,0,0,0,0
전라남도 강진군(C165),4,56334,0,4,56334,0,0,0,0,0,0,0,8,112668,56334,0,0,0,0,0,0,0,0,0,0,0,0
전라남도 구례군(C169),0,0,0,72,623,105,0,0,0,0,0,0,0,0,0,0,0,0,0,0,0,0,0,0,0,0,0
전라남도 담양군(C171),4,15459,15459,0,0,0,0,0,0,0,0,0,11,19516,0,0,0,0,0,0,0,0,0,0,0,0,0
전라남도 순천시(C175),0,0,0,1,335,0,0,0,0,0,0,0,0,0,0,0,0,0,0,0,0,0,0,0,0,0,0
전라남도 여수시(C177),0,0,0,1,958,13,0,0,0,0,0,0,2,2280,0,0,0,0,0,0,0,0,0,0,0,0,0
전라남도 해남군(C185),0,0,0,0,0,0,0,0,0,0,0,0,0,0,0,1,5,0,0,0,0,0,0,0,0,0,0
전라북도 익산시(C195),4,224500,0,4,224500,0,0,0,0,0,0,0,8,449000,224500,0,0,0,0,0,0,0,0,0,0,0,0
충청남도 계룡시(C203),0,0,0,8,16,0,0,0,0,0,0,0,0,0,0,0,0,0,0,0,0,0,0,0,0,0,0
충청남도 서산시(C210),0,0,0,3,64,0,0,0,0,2,58,0,1,6,0,3,70,6,0,0,0,0,0,0,0,0,0
충청남도 예산군(C213),0,0,0,13,145,0,0,0,0,0,0,0,0,0,0,0,0,0,0,0,0,0,0,0,0,0,0
충청남도 태안군(C216),62,1169214,0,41,702790,0,0,0,0,0,0,0,14,234374,234374,0,0,0,0,0,0,0,0,0,0,0,0
충청북도 청주시(C227),0,0,0,3,2587,0,1,9638,0,0,0,0,4,11169,1531,1,997,89,0,0,0,0,0,0,0,0,0
충청북도 충주시(C228),0,0,0,10,60,0,0,0,0,0,0,0,3,18,18,3,18,0,0,0,0,0,0,0,0,0,0
제주특별자치도 제주시(C229),4,492085,0,4,492085,0,0,0,0,0,0,0,8,984170,492085,0,0,0,0,0,0,0,0,0,0,0,0
제주특별자치도 서귀포시(C230),4,294709,0,89,297915,738,0,0,0,0,0,0,8,589418,294709,0,0,0,0,0,0,0,0,0,0,0,0
(재)우체국시설관리단(D001),1,679,679,3,136,0,0,0,0,0,0,0,3,760,0,0,0,0,0,0,0,0,0,0,0,0,0
(재)한국스마트그리드사업단(D006),0,0,0,11,166,116,0,0,0,0,0,0,0,0,0,0,0,0,0,0,0,0,0,0,0,0,0
(주)강원랜드(D009),0,0,0,24,10272,0,9,3852,0,0,0,0,3,1284,0,0,0,0,0,0,0,0,0,0,0,0,0
(주)한국가스기술공사(D015),0,0,0,0,0,0,0,0,0,0,0,0,4,188,188,0,0,0,0,0,0,0,0,0,0,0,0
건강보험심사평가원(D020),28,6583130,0,65,10108762,0,0,0,0,4,68379,0,32,3923735,208997,10,392080,47763,0,0,0,0,0,0,0,0,0
공무원연금공단(D033),0,0,0,0,0,0,0,0,0,0,0,0,0,0,0,0,0,0,0,0,0,0,0,0,0,0,0
고양도시관리공사(D042),0,0,0,26,286,60,0,0,0,0,0,0,0,0,0,0,0,0,0,0,0,0,0,0,0,0,0
국립공원공단(D045),0,0,0,5,5614,0,0,0,0,5,2122,0,0,0,0,2,154,1,0,0,0,0,0,0,0,0,0
과학기술일자리진흥원(D046),12,520,7,2,96,0,0,0,0,0,0,0,2,11006,216,0,0,0,0,0,0,0,0,0,0,0,0
국민건강보험공단(D052),0,0,0,14,9351586,0,0,0,0,0,0,0,12,6429088,3506590,0,0,0,0,0,0,0,0,0,0,0,0
국민연금공단(D054),294,3013660,218127,287,3296570,0,24,1015857,0,60,2486543,1,169,2540352,2531902,0,0,0,0,0,0,0,0,0,0,0,0
근로복지공단(D064),11,108,90,43,553,193,6,39,0,0,0,0,8,71,0,0,0,0,0,0,0,0,0,0,0,0,0
국가철도공단(D067),0,0,0,0,0,0,0,0,0,0,0,0,1,284,284,3,761,200,0,0,0,0,0,0,0,0,0
국립광주과학관(D069),0,0,0,6,150,0,2,50,50,0,0,0,0,0,0,0,0,0,0,0,0,0,0,0,0,0,0
농림수산식품교육문화정보원(D074),288,22561239,0,1824,9830412,354656,5,19674,0,0,0,0,288,9722519,2628438,0,0,0,0,0,0,0,0,0,0,0,0
국립중앙의료원(D077),0,0,0,77,17122,7,0,0,0,0,0,0,0,0,0,1,221,50,0,0,0,0,0,0,0,0,0
대구환경공단(D088),1,3134,0,193,255198,0,0,0,0,0,0,0,4,12536,0,0,0,0,0,0,0,0,0,0,0,0,0
대전광역시 상수도사업본부(D090),0,0,0,0,0,0,0,0,0,0,0,0,0,0,0,0,0,0,0,0,0,0,0,0,0,0,0
대전광역시도시철도공사(D092),0,0,0,0,0,0,0,0,0,0,0,0,460,10014,0,0,0,0,0,0,0,0,0,0,0,0,0
대한무역투자진흥공사(D100),0,0,0,27,1173,0,0,0,0,0,0,0,5,25180,0,0,0,0,0,0,0,0,0,0,0,0,0
부산교통공사(D112),6,96,0,0,0,0,0,0,0,0,0,0,0,0,0,0,0,0,0,0,0,0,0,0,0,0,0
서울올림픽기념국민체육진흥공단(D135),43,126,34,2081,107764,854,12,15974,0,0,0,0,12,7212,5310,0,0,0,0,0,0,0,0,0,0,0,0
소상공인시장진흥공단(D144),0,0,0,4,265353,0,0,0,0,0,0,0,0,0,0,2,182656,110266,0,0,0,0,0,0,0,0,0
인천관광공사(D172),1,47,47,12,157,34,16,108,61,1,11,0,4,105,49,4,50,5,0,0,0,0,0,0,0,0,0
인천국제공항공사(D178),0,0,0,2,17964,0,0,0,0,0,0,0,102,733500,0,0,0,0,0,0,0,0,0,0,0,0,0
전략물자관리원(D194),0,0,0,1,8,0,0,0,0,14,11011,0,20,6535,64,0,0,0,0,0,0,0,0,0,0,0,0
영월군시설관리공단(D196),0,0,0,0,0,0,0,0,0,0,0,0,0,0,0,0,0,0,0,0,0,0,0,0,0,0,0
한국부동산원(D236),96,1632,0,0,0,0,0,0,0,0,0,0,0,0,0,0,0,0,0,0,0,0,0,0,0,0,0
전주시시설관리공단(D248),3,18,18,0,0,0,0,0,0,0,0,0,0,0,0,0,0,0,0,0,0,0,0,0,0,0,0
한국관광공사(D251),0,0,0,0,0,0,0,0,0,0,0,0,0,0,0,9,611146,2561,0,0,0,0,0,0,0,0,0
한국광물자원공사(D253),0,0,0,194,466855,266,30,72216,237,0,0,0,10,24072,0,0,0,0,0,0,0,0,0,0,0,0,0
한국교육학술정보원(D257),1242,1918133,3,5546,14646726,0,239,890533,8829,621,1902558,0,58,272441,241602,47,135323,1109,0,0,0,0,0,0,0,0,0
중소기업은행(D258),38,306,23,57,1415,33,88,1850,416,0,0,0,0,0,0,1,61,61,0,0,0,0,0,0,0,0,0
한국교통안전공단(D259),4,1200,0,539,132560,0,0,0,0,1,300,0,3,897,0,0,0,0,0,0,0,0,0,0,0,0,0
한국국토정보공사(D263),1,2386,34,3,158925,1828,0,0,0,0,0,0,7,320179,223013,0,0,0,0,0,0,0,0,0,0,0,0
한국나노기술원(D268),0,0,0,0,0,0,0,0,0,1,58,0,2,67,0,0,0,0,0,0,0,0,0,0,0,0,0
한국농촌경제연구원(D280),1,777,777,71,277613,2,2,0,0,3,802,802,11,113930,9,0,0,0,0,0,0,0,0,0,0,0,0
한국도로공사(D283),917,5366278,0,932,31280929,41,5,6270,4,47,309309,0,232,23730089,19464651,3,1806,81,0,0,0,0,0,0,0,0,0
한국보건산업진흥원(D306),170,2236,155,444,7232,1017,60,738,24,0,0,0,0,0,0,0,0,0,0,0,0,0,0,0,0,0,0
한국사회복지협의회(D313),17,299,299,9,10136,136,0,0,0,0,0,0,0,0,0,1,456,1,0,0,0,0,0,0,0,0,0
한국사회적기업진흥원(D315),0,0,0,173,2472276,0,0,0,0,0,0,0,2,36549,0,0,0,0,0,0,0,0,0,0,0,0,0
한국교육개발원(D316),0,0,0,192,8718,3824,0,0,0,0,0,0,18,826,0,0,0,0,0,0,0,0,0,0,0,0,0
한국산업기술평가관리원(D321),0,0,0,0,0,0,0,0,0,0,0,0,1,71,0,0,0,0,0,0,0,0,0,0,0,0,0
한국석유공사(D337),503,229610,852,5,135,0,0,0,0,2,22382,0,25,19412,19385,50,15313,47,0,0,0,0,0,0,0,0,0
한국소방산업기술원(D343),0,0,0,10,768,0,0,0,0,0,0,0,3,2880,0,16,3452,3452,0,0,0,0,0,0,0,0,0
한국수자원공사(D351),0,0,0,81,21158,2437,1,882,13,0,0,0,13,4731,18,7,13928,3,0,0,0,0,0,0,0,0,0
한국언론진흥재단(D358),0,0,0,3,870,0,6,12,0,0,0,0,0,0,0,0,0,0,0,0,0,0,0,0,0,0,0
한국에너지공단(D360),0,0,0,62,1222,0,3,75,0,0,0,0,10,259,0,0,0,0,0,0,0,0,0,0,0,0,0
한국수출입은행(D365),2,22,6,0,0,0,15,38,0,0,0,0,0,0,0,0,0,0,0,0,0,0,0,0,0,0,0
한국식품연구원(D368),0,0,0,0,0,0,0,0,0,0,0,0,0,0,0,0,0,0,0,0,0,0,0,0,0,0,0
한국원자력안전기술원(D371),0,0,0,3,457,194,1,69,0,0,0,0,1,72,0,0,0,0,0,0,0,0,0,0,0,0,0
한국여성정책연구원(D377),6,1740,0,315,73868,15,0,0,0,0,0,0,0,0,0,0,0,0,0,0,0,0,0,0,0,0,0
한국임업진흥원(D382),63,2234727,0,126,4469454,0,0,0,0,0,0,0,63,2234727,2234727,0,0,0,0,0,0,0,0,0,0,0,0
한국원자력연구원(D383),0,0,0,0,0,0,0,0,0,0,0,0,1,58971,0,0,0,0,0,0,0,0,0,0,0,0,0
한국장애인고용공단(D388),1,153,0,31,40423,2090,12,2834,0,0,0,0,1,33379,0,0,0,0,0,0,0,0,0,0,0,0,0
한국장학재단(D390),0,0,0,0,0,0,0,0,0,0,0,0,0,0,0,0,0,0,0,0,0,0,0,0,0,0,0
한국전자통신연구원(D396),0,0,0,121,100976119,0,0,0,0,0,0,0,0,0,0,0,0,0,0,0,0,0,0,0,0,0,0
한국전력거래소(D397),52,31796,23836,529,860261,14918,26,8751,0,1,3813,0,104,612412,110734,0,0,0,0,0,0,0,0,0,0,0,0
한국지능정보사회진흥원(D400),1,33309,0,2694,14328877,0,0,0,0,0,0,0,5,13400,4506,0,0,0,0,0,0,0,0,0,0,0,0
한국조폐공사(D405),0,0,0,1,20,0,0,0,0,0,0,0,1,20,0,0,0,0,0,0,0,0,0,0,0,0,0
한국철도기술연구원(D410),0,0,0,0,0,0,0,0,0,0,0,0,3,10700,265,0,0,0,0,0,0,0,0,0,0,0,0
한국항공우주연구원(D421),0,0,0,1,34,0,0,0,0,0,0,0,1,34,0,0,0,0,0,0,0,0,0,0,0,0,0
한국청소년활동진흥원(D422),0,0,0,57,11923,5084,0,0,0,0,0,0,15,16337,264,0,0,0,0,0,0,0,0,0,0,0,0
한국콘텐츠진흥원(D425),0,0,0,10,1708212,0,0,0,0,14,418059,396,43,7232698,2486578,0,0,0,0,0,0,0,0,0,0,0,0
한국토지주택공사(D427),454,34736,7,2230,472132,231,161,26032,0,2,11559,0,60,430407,377427,2,4743,4,0,0,0,0,0,0,0,0,0
한국학중앙연구원(D432),0,0,0,0,0,0,0,0,0,0,0,0,0,0,0,0,0,0,0,0,0,0,0,0,0,0,0
한국화학연구원(D433),1,1237,0,2,1267,0,0,0,0,2,233,0,11,6257,1197,6,4431,31,0,0,0,0,0,0,0,0,0
한국환경공단(D435),0,0,0,140,5372,2611,6,451,0,0,0,0,5,630190,1,0,0,0,0,0,0,0,0,0,0,0,0
한전원자력연료(주)(D438),0,0,0,2,2,0,0,0,0,0,0,0,3,21,20,0,0,0,0,0,0,0,0,0,0,0,0
한국환경정책평가연구원(D439),36,6911,0,201,3050609,511,24,57747,0,51,818682,13,61,2176319,2161214,0,0,0,0,0,0,0,0,0,0,0,0
한국해양교통안전공단(D447),0,0,0,44,1450413,0,0,0,0,0,0,0,0,0,0,0,0,0,0,0,0,0,0,0,0,0,0
한국사회보장정보원(D449),43,79260,36293,82,850803,0,12,468,0,0,0,0,62,513537,508083,0,0,0,0,0,0,0,0,0,0,0,0
게임물관리위원회(D454),0,0,0,4,28,0,0,0,0,0,0,0,9,85775,83212,0,0,0,0,0,0,0,0,0,0,0,0
영상물등급위원회(D469),0,0,0,0,0,0,0,0,0,0,0,0,7,22274,22274,0,0,0,0,0,0,0,0,0,0,0,0
한국고용정보원(D480),1,415,0,38,12962,0,0,0,0,0,0,0,1,415,0,0,0,0,0,0,0,0,0,0,0,0,0
한국기상산업기술원(D481),0,0,0,0,0,0,0,0,0,0,0,0,3,207,7,0,0,0,0,0,0,0,0,0,0,0,0
한국승강기안전공단(D485),0,0,0,1,671,0,0,0,0,0,0,0,2,1342,0,0,0,0,0,0,0,0,0,0,0,0,0
한국저작권위원회(D489),0,0,0,5,356489,0,0,0,0,12,469324,4599,27,1265704,567048,0,0,0,0,0,0,0,0,0,0,0,0
강원도교육청 강원도춘천교육지원청(D498),0,0,0,0,0,0,0,0,0,0,0,0,0,0,0,0,0,0,0,0,0,0,0,0,0,0,0
경상북도교육청 경상북도경주교육지원청(D535),0,0,0,0,0,0,0,0,0,0,0,0,0,0,0,2,386,0,0,0,0,0,0,0,0,0,0
경상북도교육청 경상북도립안동도서관(D547),0,0,0,0,0,0,0,0,0,0,0,0,0,0,0,0,0,0,0,0,0,0,0,0,0,0,0
과학기술정보통신부 국립전파연구원(D586),0,0,0,0,0,0,0,0,0,0,0,0,0,0,0,2,61,61,0,0,0,0,0,0,0,0,0
과학기술정보통신부 우정사업본부(D588),3,384639,0,581,150158912,497,1,411,0,3,183,0,363,104288973,0,0,0,0,0,0,0,0,0,0,0,0,0
광주광역시교육청(D590),0,0,0,14,14,0,0,0,0,0,0,0,0,0,0,0,0,0,0,0,0,0,0,0,0,0,0
교육부 국사편찬위원회(D593),0,0,0,1,27,0,0,0,0,0,0,0,6,173743,1380,0,0,0,0,0,0,0,0,0,0,0,0
국토교통부 중앙토지수용위원회(D597),0,0,0,0,0,0,0,0,0,34,5720304,0,0,0,0,22,2860152,0,0,0,0,0,0,0,0,0,0
문화체육관광부 국립중앙도서관(D635),0,0,0,0,0,0,0,0,0,0,0,0,4,43095,24352,0,0,0,0,0,0,0,0,0,0,0,0
문화체육관광부 국립중앙박물관(D636),0,0,0,3,13134,6,0,0,0,0,0,0,1,4383,0,0,0,0,0,0,0,0,0,0,0,0,0
보건복지부 국립부곡병원(D645),0,0,0,38,942,0,0,0,0,0,0,0,2,54,0,0,0,0,0,0,0,0,0,0,0,0,0
보건복지부 국립재활원(D647),0,0,0,55,632,107,0,0,0,0,0,0,3,32,24,0,0,0,0,0,0,0,0,0,0,0,0
부산광역시교육청(D652),20,501455,101517,2,50679,37092,0,0,0,0,0,0,0,0,0,2,41674,346,0,0,0,0,0,0,0,0,0
산림청 국립산림과학원(D664),0,0,0,106,268759,12,9,16973,0,0,0,0,3,1681,2,0,0,0,0,0,0,0,0,0,0,0,0
세종특별자치시교육청(D686),0,0,0,0,0,0,0,0,0,0,0,0,0,0,0,10,282,0,0,0,0,0,0,0,0,0,0
안산도시공사(D688),36,237,214,79,654,151,1,12,12,0,0,0,10,212,212,1,3,0,0,0,0,0,0,0,0,0,0
울산광역시교육청(D690),14,148650,21826,0,0,0,0,0,0,0,0,0,0,0,0,2,14097,199,0,0,0,0,0,0,0,0,0
인천광역시교육청 인천광역시화도진도서관(D710),0,0,0,0,0,0,0,0,0,0,0,0,1,1060,3,0,0,0,0,0,0,0,0,0,0,0,0
해양수산부 국립해양조사원(D744),0,0,0,5,435,16,0,0,0,0,0,0,0,0,0,0,0,0,0,0,0,0,0,0,0,0,0
행정안전부 국가기록원(D747),0,0,0,1,2898,0,0,0,0,0,0,0,1,2898,0,0,0,0,0,0,0,0,0,0,0,0,0
환경부 국립생물자원관(D756),0,0,0,0,0,0,0,0,0,0,0,0,0,0,0,0,0,0,0,0,0,0,0,0,0,0,0
환경부 국립환경과학원(D757),4,55,0,619,3010710,272859,1,4546,0,0,0,0,62,160257,22822,0,0,0,0,0,0,0,0,0,0,0,0
인천광역시교육청 인천광역시교육청계양도서관(D768),0,0,0,10,65599,0,0,0,0,3,55563,24,15,152905,0,2,23171,1,0,0,0,0,0,0,0,0,0
해양수산부 국립수산과학원(D771),0,0,0,0,0,0,0,0,0,0,0,0,0,0,0,0,0,0,0,0,0,0,0,0,0,0,0
문화체육관광부 국립현대미술관(D772),0,0,0,0,0,0,0,0,0,0,0,0,0,0,0,0,0,0,0,0,0,0,0,0,0,0,0
환경부 낙동강홍수통제소(D773),0,0,0,3,756,0,0,0,0,0,0,0,1,156,0,0,0,0,0,0,0,0,0,0,0,0,0
환경부 금강홍수통제소(D774),0,0,0,4,484,2,0,0,0,0,0,0,5,287,82,0,0,0,0,0,0,0,0,0,0,0,0
경상북도교육청 경상북도구미교육지원청(D775),0,0,0,4,1177,10,0,0,0,0,0,0,3,1171,1171,4,1856,499,0,0,0,0,0,0,0,0,0
재단법인한국장례문화진흥원(D776),7,229499,197675,1,18274,0,0,0,0,0,0,0,0,0,0,0,0,0,0,0,0,0,0,0,0,0,0
산림청국립산림과학원(D777),0,0,0,23,68642,40,1,2990,0,0,0,0,3,5785,5751,0,0,0,0,0,0,0,0,0,0,0,0
재단법인한국보건의료정보원(D778),0,0,0,0,0,0,0,0,0,0,0,0,0,0,0,0,0,0,0,0,0,0,0,0,0,0,0
해양수산부 국립수산물품질관리원(D779),0,0,0,0,0,0,0,0,0,0,0,0,0,0,0,0,0,0,0,0,0,0,0,0,0,0,0
환경부 영산강홍수통제소(D780),4,260,0,855,67140,2049,0,0,0,0,0,0,384,34132,85,0,0,0,0,0,0,0,0,0,0,0,0
